FirstName,GameInfo,ID,LastName,Name,Name...ID,Opponent,Position,Projection,Projection_dfn,Projection_dfn_perturbed,Projection_fc,Salary,Team,TierRank
Julio,TB@Atl 01:00PM ET,7147473,Jones,Julio Jones,Julio Jones (7147473),TB,WR,27.81,24.9,24.9,25.43,9400,ATL,1.0
Odell,NYG@Dal 04:25PM ET,7147717,Beckham,Odell Beckham,Odell Beckham (7147717),DAL,WR,22.51,21.0,21.0,24.72,9300,NYG,2.0
DeAndre,Chi@Hou 01:00PM ET,7147645,Hopkins,DeAndre Hopkins,DeAndre Hopkins (7147645),CHI,WR,22.49,20.5,20.5,23.06,8800,HOU,2.0
Aaron,GB@Jax 01:00PM ET,7147242,Rodgers,Aaron Rodgers,Aaron Rodgers (7147242),JAX,QB,23.19,22.3,22.3,23.69,8500,GB,2.0
Dez,NYG@Dal 04:25PM ET,7147707,Bryant,Dez Bryant,Dez Bryant (7147707),NYG,WR,17.95,19.0,19.0,22.94,8500,DAL,3.0
A.J.,Cin@NYJ 01:00PM ET,7147544,Green,A.J. Green,A.J. Green (7147544),NYJ,WR,19.1,18.0,18.0,21.14,8400,CIN,3.0
Andrew,Det@Ind 04:25PM ET,7147267,Luck,Andrew Luck,Andrew Luck (7147267),DET,QB,21.57,24.2,24.2,22.87,8300,IND,1.0
Allen,GB@Jax 01:00PM ET,7147675,Robinson,Allen Robinson,Allen Robinson (7147675),GB,WR,18.72,16.5,16.5,21.74,8300,JAX,3.0
Drew,Oak@NO 01:00PM ET,7147213,Brees,Drew Brees,Drew Brees (7147213),OAK,QB,24.75,20.8,20.8,23.09,8100,NO,3.0
Keenan,SD@KC 01:00PM ET,7147597,Allen,Keenan Allen,Keenan Allen (7147597),KC,WR,17.39,0.0,0.0,17.46,8000,SD,0.0
Russell,Mia@Sea 04:05PM ET,7147252,Wilson,Russell Wilson,Russell Wilson (7147252),MIA,QB,21.57,22.9,22.9,23.29,7900,SEA,2.0
Alshon,Chi@Hou 01:00PM ET,7147639,Jeffery,Alshon Jeffery,Alshon Jeffery (7147639),HOU,WR,17.28,17.2,17.2,18.32,7900,CHI,3.0
Brandon,Cin@NYJ 01:00PM ET,7147538,Marshall,Brandon Marshall,Brandon Marshall (7147538),CIN,WR,18.93,18.2,18.2,19.88,7800,NYJ,3.0
Jordy,GB@Jax 01:00PM ET,7147658,Nelson,Jordy Nelson,Jordy Nelson (7147658),JAX,WR,18.78,14.4,14.4,18.98,7700,GB,4.0
Brandin,Oak@NO 01:00PM ET,7147574,Cooks,Brandin Cooks,Brandin Cooks (7147574),OAK,WR,16.81,16.1,16.1,17.51,7700,NO,3.0
Adrian,Min@Ten 01:00PM ET,7147291,Peterson,Adrian Peterson,Adrian Peterson (7147291),TEN,RB,18.29,15.3,15.3,20.47,7600,MIN,2.0
Randall,GB@Jax 01:00PM ET,7147661,Cobb,Randall Cobb,Randall Cobb (7147661),JAX,WR,17.1,16.7,16.7,17.07,7600,GB,3.0
Eli,NYG@Dal 04:25PM ET,7147258,Manning,Eli Manning,Eli Manning (7147258),DAL,QB,18.71,20.7,20.7,20.49,7500,NYG,3.0
T.Y.,Det@Ind 04:25PM ET,7147734,Hilton,T.Y. Hilton,T.Y. Hilton (7147734),DET,WR,15.98,16.4,16.4,17.48,7500,IND,3.0
David,NE@Ari 08:30PM ET,7147465,Johnson,David Johnson,David Johnson (7147465),NE,RB,18.71,16.9,16.9,21.08,7500,ARI,1.0
Tom,NE@Ari 08:30PM ET,7147270,Brady,Tom Brady,Tom Brady (7147270),ARI,QB,0.0,0.0,0.0,0.0,7400,NE,0.0
Rob,NE@Ari 08:30PM ET,7147931,Gronkowski,Rob Gronkowski,Rob Gronkowski (7147931),ARI,TE,0.0,0.0,0.0,0.0,7400,NE,0.0
Mike,TB@Atl 01:00PM ET,7147483,Evans,Mike Evans,Mike Evans (7147483),ATL,WR,18.54,17.4,17.4,21.48,7400,TB,3.0
Golden,Det@Ind 04:25PM ET,7147732,Tate,Golden Tate,Golden Tate (7147732),IND,WR,18.45,16.7,16.7,16.47,7300,DET,3.0
Derek,Oak@NO 01:00PM ET,7147216,Carr,Derek Carr,Derek Carr (7147216),NO,QB,19.84,22.1,22.1,22.27,7300,OAK,2.0
Ezekiel,NYG@Dal 04:25PM ET,7147440,Elliott,Ezekiel Elliott,Ezekiel Elliott (7147440),NYG,RB,17.07,16.9,16.9,20.41,7300,DAL,1.0
Matthew,Det@Ind 04:25PM ET,7147265,Stafford,Matthew Stafford,Matthew Stafford (7147265),IND,QB,18.45,21.6,21.6,20.52,7200,DET,3.0
Blake,GB@Jax 01:00PM ET,7147244,Bortles,Blake Bortles,Blake Bortles (7147244),GB,QB,19.02,18.1,18.1,21.32,7200,JAX,6.0
Amari,Oak@NO 01:00PM ET,7147576,Cooper,Amari Cooper,Amari Cooper (7147576),NO,WR,19.09,17.4,17.4,18.3,7200,OAK,3.0
Carson,NE@Ari 08:30PM ET,7147271,Palmer,Carson Palmer,Carson Palmer (7147271),NE,QB,19.51,19.3,19.3,20.95,7100,ARI,5.0
Matt,TB@Atl 01:00PM ET,7147183,Ryan,Matt Ryan,Matt Ryan (7147183),TB,QB,17.7,20.1,20.1,19.53,7100,ATL,4.0
Jamaal,SD@KC 01:00PM ET,7147353,Charles,Jamaal Charles,Jamaal Charles (7147353),SD,RB,0.0,0.0,0.0,0.0,7100,KC,0.0
Philip,SD@KC 01:00PM ET,7147221,Rivers,Philip Rivers,Philip Rivers (7147221),KC,QB,16.84,17.1,17.1,18.98,7000,SD,7.0
Lamar,Chi@Hou 01:00PM ET,7147386,Miller,Lamar Miller,Lamar Miller (7147386),CHI,RB,18.88,16.7,16.7,20.77,7000,HOU,1.0
Tyrod,Buf@Bal 01:00PM ET,7147232,Taylor,Tyrod Taylor,Tyrod Taylor (7147232),BAL,QB,18.86,19.2,19.2,22.03,6900,BUF,5.0
Devonta,TB@Atl 01:00PM ET,7147283,Freeman,Devonta Freeman,Devonta Freeman (7147283),TB,RB,16.35,17.3,17.3,17.8,6900,ATL,1.0
Sammy,Buf@Bal 01:00PM ET,7147628,Watkins,Sammy Watkins,Sammy Watkins (7147628),BAL,WR,17.09,16.4,16.4,19.55,6900,BUF,3.0
Tony,NYG@Dal 04:25PM ET,7147257,Romo,Tony Romo,Tony Romo (7147257),NYG,QB,0.0,0.0,0.0,0.0,6800,DAL,0.0
Andy,Cin@NYJ 01:00PM ET,7147206,Dalton,Andy Dalton,Andy Dalton (7147206),NYJ,QB,17.67,17.5,17.5,17.69,6800,CIN,6.0
Josh,Cle@Phi 01:00PM ET,7147520,Gordon,Josh Gordon,Josh Gordon (7147520),PHI,WR,0.0,0.0,0.0,0.0,6800,CLE,0.0
Joe,Buf@Bal 01:00PM ET,7147228,Flacco,Joe Flacco,Joe Flacco (7147228),BUF,QB,15.65,16.7,16.7,16.82,6700,BAL,7.0
Eddie,GB@Jax 01:00PM ET,7147402,Lacy,Eddie Lacy,Eddie Lacy (7147402),JAX,RB,13.98,13.1,13.1,18.63,6700,GB,3.0
Jordan,Cle@Phi 01:00PM ET,7147521,Matthews,Jordan Matthews,Jordan Matthews (7147521),CLE,WR,13.9,15.2,15.2,13.99,6700,PHI,4.0
Eric,Cin@NYJ 01:00PM ET,7147540,Decker,Eric Decker,Eric Decker (7147540),CIN,WR,15.37,15.2,15.2,15.26,6600,NYJ,4.0
Doug,Mia@Sea 04:05PM ET,7147683,Baldwin,Doug Baldwin,Doug Baldwin (7147683),MIA,WR,16.12,14.8,14.8,15.81,6600,SEA,4.0
Mark,Oak@NO 01:00PM ET,7147344,Ingram,Mark Ingram,Mark Ingram (7147344),OAK,RB,17.07,15.2,15.2,18.78,6600,NO,2.0
Jameis,TB@Atl 01:00PM ET,7147189,Winston,Jameis Winston,Jameis Winston (7147189),ATL,QB,18.88,18.5,18.5,19.26,6600,TB,6.0
Ryan,Cin@NYJ 01:00PM ET,7147205,Fitzpatrick,Ryan Fitzpatrick,Ryan Fitzpatrick (7147205),CIN,QB,17.35,15.8,15.8,17.02,6500,NYJ,0.0
Alex,SD@KC 01:00PM ET,7147220,Smith,Alex Smith,Alex Smith (7147220),SD,QB,17.44,18.0,18.0,14.91,6500,KC,6.0
Jeremy,SD@KC 01:00PM ET,7147586,Maclin,Jeremy Maclin,Jeremy Maclin (7147586),SD,WR,17.26,15.8,15.8,17.1,6500,KC,4.0
Sam,Cle@Phi 01:00PM ET,7147199,Bradford,Sam Bradford,Sam Bradford (7147199),CLE,QB,0.0,0.0,0.0,0.0,6400,PHI,0.0
LeSean,Buf@Bal 01:00PM ET,7147371,McCoy,LeSean McCoy,LeSean McCoy (7147371),BAL,RB,17.67,14.4,14.4,16.27,6400,BUF,2.0
Marcus,Min@Ten 01:00PM ET,7147195,Mariota,Marcus Mariota,Marcus Mariota (7147195),MIN,QB,18.67,17.5,17.5,18.48,6400,TEN,6.0
Jay,Chi@Hou 01:00PM ET,7147235,Cutler,Jay Cutler,Jay Cutler (7147235),HOU,QB,15.94,15.7,15.7,17.21,6300,CHI,0.0
Larry,NE@Ari 08:30PM ET,7147754,Fitzgerald,Larry Fitzgerald,Larry Fitzgerald (7147754),NE,WR,15.96,15.3,15.3,13.02,6300,ARI,4.0
Brock,Chi@Hou 01:00PM ET,7147238,Osweiler,Brock Osweiler,Brock Osweiler (7147238),CHI,QB,16.36,19.1,19.1,18.07,6300,HOU,5.0
Doug,TB@Atl 01:00PM ET,7147277,Martin,Doug Martin,Doug Martin (7147277),ATL,RB,17.35,13.5,13.5,17.73,6200,TB,3.0
Jimmy,NE@Ari 08:30PM ET,7147274,Garoppolo,Jimmy Garoppolo,Jimmy Garoppolo (7147274),ARI,QB,16.73,18.0,18.0,16.49,6200,NE,6.0
Matt,Cin@NYJ 01:00PM ET,7147322,Forte,Matt Forte,Matt Forte (7147322),CIN,RB,14.54,11.5,11.5,13.4,6100,NYJ,4.0
Julian,NE@Ari 08:30PM ET,7147756,Edelman,Julian Edelman,Julian Edelman (7147756),ARI,WR,16.09,15.5,15.5,14.75,6100,NE,4.0
Jarvis,Mia@Sea 04:05PM ET,7147693,Landry,Jarvis Landry,Jarvis Landry (7147693),SEA,WR,16.02,17.0,17.0,14.88,6000,MIA,3.0
Teddy,Min@Ten 01:00PM ET,7147192,Bridgewater,Teddy Bridgewater,Teddy Bridgewater (7147192),TEN,QB,0.0,0.0,0.0,0.0,6000,MIN,0.0
Thomas,Mia@Sea 04:05PM ET,7147418,Rawls,Thomas Rawls,Thomas Rawls (7147418),MIA,RB,7.43,5.0,5.0,10.67,6000,SEA,0.0
Donte,Det@Ind 04:25PM ET,7147743,Moncrief,Donte Moncrief,Donte Moncrief (7147743),DET,WR,15.28,15.8,15.8,15.57,6000,IND,4.0
Ryan,Mia@Sea 04:05PM ET,7147251,Tannehill,Ryan Tannehill,Ryan Tannehill (7147251),SEA,QB,14.99,15.2,15.2,15.83,5900,MIA,0.0
Michael,NE@Ari 08:30PM ET,7147757,Floyd,Michael Floyd,Michael Floyd (7147757),NE,WR,13.76,12.6,12.6,13.92,5900,ARI,5.0
Arian,Mia@Sea 04:05PM ET,7147411,Foster,Arian Foster,Arian Foster (7147411),SEA,RB,15.38,11.9,11.9,12.67,5800,MIA,4.0
Allen,GB@Jax 01:00PM ET,7147666,Hurns,Allen Hurns,Allen Hurns (7147666),GB,WR,13.08,12.0,12.0,11.74,5800,JAX,5.0
Ryan,Cle@Phi 01:00PM ET,7147310,Mathews,Ryan Mathews,Ryan Mathews (7147310),CLE,RB,14.74,12.0,12.0,14.17,5700,PHI,4.0
Dion,NE@Ari 08:30PM ET,7147460,Lewis,Dion Lewis,Dion Lewis (7147460),ARI,RB,0.0,0.0,0.0,0.0,5700,NE,0.0
Robert,Cle@Phi 01:00PM ET,7147202,Griffin III,Robert Griffin III,Robert Griffin III (7147202),PHI,QB,17.33,0.0,0.0,18.75,5600,CLE,0.0
Latavius,Oak@NO 01:00PM ET,7147345,Murray,Latavius Murray,Latavius Murray (7147345),NO,RB,14.77,14.6,14.6,12.49,5600,OAK,2.0
Frank,Det@Ind 04:25PM ET,7147441,Gore,Frank Gore,Frank Gore (7147441),DET,RB,10.92,10.8,10.8,13.09,5500,IND,5.0
Michael,Oak@NO 01:00PM ET,7147564,Crabtree,Michael Crabtree,Michael Crabtree (7147564),NO,WR,16.12,15.0,15.0,11.15,5500,OAK,4.0
Rashad,NYG@Dal 04:25PM ET,7147426,Jennings,Rashad Jennings,Rashad Jennings (7147426),DAL,RB,12.12,11.2,11.2,12.09,5400,NYG,4.0
DeMarco,Min@Ten 01:00PM ET,7147292,Murray,DeMarco Murray,DeMarco Murray (7147292),MIN,RB,12.56,10.2,10.2,12.27,5300,TEN,5.0
DeVante,Mia@Sea 04:05PM ET,7147695,Parker,DeVante Parker,DeVante Parker (7147695),SEA,WR,0.0,0.0,0.0,10.07,5300,MIA,0.0
John,NE@Ari 08:30PM ET,7147760,Brown,John Brown,John Brown (7147760),NE,WR,13.3,14.0,14.0,12.2,5200,ARI,5.0
Kevin,Chi@Hou 01:00PM ET,7147653,White,Kevin White,Kevin White (7147653),HOU,WR,10.67,10.2,10.2,9.87,5200,CHI,7.0
Mohamed,TB@Atl 01:00PM ET,7147475,Sanu,Mohamed Sanu,Mohamed Sanu (7147475),TB,WR,11.65,11.2,11.2,7.3,5100,ATL,7.0
Duke,Cle@Phi 01:00PM ET,7147319,Johnson,Duke Johnson,Duke Johnson (7147319),PHI,RB,11.19,13.1,13.1,10.49,5100,CLE,3.0
Corey,Cle@Phi 01:00PM ET,7147534,Coleman,Corey Coleman,Corey Coleman (7147534),PHI,WR,12.57,14.7,14.7,9.32,5100,CLE,4.0
Josh,Cle@Phi 01:00PM ET,7147197,McCown,Josh McCown,Josh McCown (7147197),PHI,QB,0.0,3.2,3.2,0.0,5000,CLE,0.0
Matt,Min@Ten 01:00PM ET,7147190,Cassel,Matt Cassel,Matt Cassel (7147190),MIN,QB,0.0,0.0,0.0,0.0,5000,TEN,0.0
Dan,Det@Ind 04:25PM ET,7147264,Orlovsky,Dan Orlovsky,Dan Orlovsky (7147264),IND,QB,0.0,0.0,0.0,0.0,5000,DET,0.0
Kellen,SD@KC 01:00PM ET,7147219,Clemens,Kellen Clemens,Kellen Clemens (7147219),KC,QB,0.0,0.0,0.0,0.0,5000,SD,0.0
Shaun,Min@Ten 01:00PM ET,7147191,Hill,Shaun Hill,Shaun Hill (7147191),TEN,QB,12.68,15.4,15.4,15.32,5000,MIN,0.0
Matt,Mia@Sea 04:05PM ET,7147250,Moore,Matt Moore,Matt Moore (7147250),SEA,QB,0.0,0.0,0.0,0.0,5000,MIA,0.0
Drew,NE@Ari 08:30PM ET,7147272,Stanton,Drew Stanton,Drew Stanton (7147272),NE,QB,0.0,0.0,0.0,0.0,5000,ARI,0.0
Matt,TB@Atl 01:00PM ET,7147184,Schaub,Matt Schaub,Matt Schaub (7147184),TB,QB,0.0,0.0,0.0,0.0,5000,ATL,0.0
Luke,Oak@NO 01:00PM ET,7147214,McCown,Luke McCown,Luke McCown (7147214),OAK,QB,0.0,0.0,0.0,0.0,5000,NO,0.0
Brian,Chi@Hou 01:00PM ET,7147236,Hoyer,Brian Hoyer,Brian Hoyer (7147236),HOU,QB,0.0,0.0,0.0,0.0,5000,CHI,0.0
Chad,GB@Jax 01:00PM ET,7147243,Henne,Chad Henne,Chad Henne (7147243),GB,QB,0.0,0.0,0.0,0.0,5000,JAX,0.0
Josh,Buf@Bal 01:00PM ET,7147229,Johnson,Josh Johnson,Josh Johnson (7147229),BUF,QB,0.0,0.0,0.0,0.0,5000,BAL,0.0
Chase,Cle@Phi 01:00PM ET,7147198,Daniel,Chase Daniel,Chase Daniel (7147198),CLE,QB,0.0,1.8,1.8,0.0,5000,PHI,0.0
Scott,Det@Ind 04:25PM ET,7147266,Tolzien,Scott Tolzien,Scott Tolzien (7147266),DET,QB,0.0,0.0,0.0,0.0,5000,IND,0.0
McLeod,Cle@Phi 01:00PM ET,7147200,Bethel-Thompson,McLeod Bethel-Thompson,McLeod Bethel-Thompson (7147200),CLE,QB,0.0,0.0,0.0,0.0,5000,PHI,0.0
Jerrod,Buf@Bal 01:00PM ET,7147230,Johnson,Jerrod Johnson,Jerrod Johnson (7147230),BUF,QB,0.0,0.0,0.0,0.0,5000,BAL,0.0
Danny,SD@KC 01:00PM ET,7147354,Woodhead,Danny Woodhead,Danny Woodhead (7147354),KC,RB,12.14,11.8,11.8,10.57,5000,SD,4.0
Ryan,Buf@Bal 01:00PM ET,7147231,Mallett,Ryan Mallett,Ryan Mallett (7147231),BUF,QB,0.0,0.0,0.0,0.0,5000,BAL,0.0
Kellen,NYG@Dal 04:25PM ET,7147259,Moore,Kellen Moore,Kellen Moore (7147259),NYG,QB,0.0,0.0,0.0,0.0,5000,DAL,0.0
Brandon,Chi@Hou 01:00PM ET,7147237,Weeden,Brandon Weeden,Brandon Weeden (7147237),CHI,QB,0.0,0.0,0.0,0.0,5000,HOU,0.0
Austin,Cle@Phi 01:00PM ET,7147201,Davis,Austin Davis,Austin Davis (7147201),PHI,QB,0.0,0.0,0.0,0.0,5000,CLE,0.0
Nick,SD@KC 01:00PM ET,7147222,Foles,Nick Foles,Nick Foles (7147222),SD,QB,0.0,0.0,0.0,0.0,5000,KC,0.0
Matt,TB@Atl 01:00PM ET,7147185,Simms,Matt Simms,Matt Simms (7147185),TB,QB,0.0,0.0,0.0,0.0,5000,ATL,0.0
Travis,SD@KC 01:00PM ET,7147843,Kelce,Travis Kelce,Travis Kelce (7147843),SD,TE,13.35,15.7,15.7,13.36,5000,KC,1.0
EJ,Buf@Bal 01:00PM ET,7147233,Manuel,EJ Manuel,EJ Manuel (7147233),BAL,QB,0.0,0.0,0.0,0.0,5000,BUF,0.0
Sean,TB@Atl 01:00PM ET,7147186,Renfree,Sean Renfree,Sean Renfree (7147186),TB,QB,0.0,0.0,0.0,0.0,5000,ATL,0.0
Mike,TB@Atl 01:00PM ET,7147187,Glennon,Mike Glennon,Mike Glennon (7147187),ATL,QB,0.0,0.0,0.0,0.0,5000,TB,0.0
Ryan,NYG@Dal 04:25PM ET,7147260,Nassib,Ryan Nassib,Ryan Nassib (7147260),DAL,QB,0.0,0.0,0.0,0.0,5000,NYG,0.0
Ryan,TB@Atl 01:00PM ET,7147188,Griffin,Ryan Griffin,Ryan Griffin (7147188),ATL,QB,0.0,0.0,0.0,0.0,5000,TB,0.0
Zac,Mia@Sea 04:05PM ET,7147253,Dysert,Zac Dysert,Zac Dysert (7147253),SEA,QB,0.0,0.0,0.0,0.0,5000,MIA,0.0
Matt,Oak@NO 01:00PM ET,7147215,McGloin,Matt McGloin,Matt McGloin (7147215),NO,QB,0.0,0.0,0.0,0.0,5000,OAK,0.0
Matt,NE@Ari 08:30PM ET,7147273,Barkley,Matt Barkley,Matt Barkley (7147273),NE,QB,0.0,0.0,0.0,0.0,5000,ARI,0.0
Zach,SD@KC 01:00PM ET,7147223,Mettenberger,Zach Mettenberger,Zach Mettenberger (7147223),KC,QB,0.0,0.0,0.0,0.0,5000,SD,0.0
Aaron,SD@KC 01:00PM ET,7147224,Murray,Aaron Murray,Aaron Murray (7147224),SD,QB,0.0,0.0,0.0,0.0,5000,KC,0.0
Bryce,Cin@NYJ 01:00PM ET,7147207,Petty,Bryce Petty,Bryce Petty (7147207),CIN,QB,0.0,0.0,0.0,0.0,5000,NYJ,0.0
Logan,NYG@Dal 04:25PM ET,7147261,Thomas,Logan Thomas,Logan Thomas (7147261),DAL,QB,0.0,0.0,0.0,0.0,5000,NYG,0.0
AJ,Cin@NYJ 01:00PM ET,7147208,McCarron,AJ McCarron,AJ McCarron (7147208),NYJ,QB,0.0,0.0,0.0,0.0,5000,CIN,0.0
Tom,Chi@Hou 01:00PM ET,7147239,Savage,Tom Savage,Tom Savage (7147239),CHI,QB,0.0,0.0,0.0,0.0,5000,HOU,0.0
David,Chi@Hou 01:00PM ET,7147240,Fales,David Fales,David Fales (7147240),HOU,QB,0.0,0.0,0.0,0.0,5000,CHI,0.0
Geno,Cin@NYJ 01:00PM ET,7147209,Smith,Geno Smith,Geno Smith (7147209),CIN,QB,0.0,0.0,0.0,0.0,5000,NYJ,0.0
Stephen,Det@Ind 04:25PM ET,7147268,Morris,Stephen Morris,Stephen Morris (7147268),DET,QB,0.0,0.0,0.0,0.0,5000,IND,0.0
Jake,Mia@Sea 04:05PM ET,7147254,Heaps,Jake Heaps,Jake Heaps (7147254),MIA,QB,0.0,0.0,0.0,0.0,5000,SEA,0.0
Garrett,Oak@NO 01:00PM ET,7147217,Grayson,Garrett Grayson,Garrett Grayson (7147217),OAK,QB,0.0,0.0,0.0,0.0,5000,NO,0.0
Keith,Cin@NYJ 01:00PM ET,7147210,Wenning,Keith Wenning,Keith Wenning (7147210),NYJ,QB,0.0,0.0,0.0,0.0,5000,CIN,0.0
Tyler,SD@KC 01:00PM ET,7147225,Bray,Tyler Bray,Tyler Bray (7147225),SD,QB,0.0,0.0,0.0,0.0,5000,KC,0.0
Connor,Chi@Hou 01:00PM ET,7147241,Shaw,Connor Shaw,Connor Shaw (7147241),HOU,QB,0.0,0.0,0.0,0.0,5000,CHI,0.0
Jameill,NYG@Dal 04:25PM ET,7147262,Showers,Jameill Showers,Jameill Showers (7147262),NYG,QB,0.0,0.0,0.0,0.0,5000,DAL,0.0
Brandon,Mia@Sea 04:05PM ET,7147255,Doughty,Brandon Doughty,Brandon Doughty (7147255),SEA,QB,0.0,0.0,0.0,0.0,5000,MIA,0.0
Brett,GB@Jax 01:00PM ET,7147245,Hundley,Brett Hundley,Brett Hundley (7147245),JAX,QB,0.0,0.0,0.0,0.0,5000,GB,0.0
Dak,NYG@Dal 04:25PM ET,7147263,Prescott,Dak Prescott,Dak Prescott (7147263),NYG,QB,18.73,19.5,19.5,18.14,5000,DAL,5.0
Cody,Cle@Phi 01:00PM ET,7147203,Kessler,Cody Kessler,Cody Kessler (7147203),PHI,QB,0.0,0.0,0.0,0.0,5000,CLE,0.0
Max,GB@Jax 01:00PM ET,7147246,Wittek,Max Wittek,Max Wittek (7147246),GB,QB,0.0,0.0,0.0,0.0,5000,JAX,0.0
Mike,SD@KC 01:00PM ET,7147226,Bercovici,Mike Bercovici,Mike Bercovici (7147226),KC,QB,0.0,0.0,0.0,0.0,5000,SD,0.0
Marquise,GB@Jax 01:00PM ET,7147247,Williams,Marquise Williams,Marquise Williams (7147247),JAX,QB,0.0,0.0,0.0,0.0,5000,GB,0.0
Joel,Min@Ten 01:00PM ET,7147193,Stave,Joel Stave,Joel Stave (7147193),TEN,QB,0.0,0.0,0.0,0.0,5000,MIN,0.0
Kevin,SD@KC 01:00PM ET,7147227,Hogan,Kevin Hogan,Kevin Hogan (7147227),SD,QB,0.0,0.0,0.0,0.0,5000,KC,0.0
Taylor,Min@Ten 01:00PM ET,7147194,Heinicke,Taylor Heinicke,Taylor Heinicke (7147194),TEN,QB,0.0,0.0,0.0,0.0,5000,MIN,0.0
Trevone,Mia@Sea 04:05PM ET,7147256,Boykin,Trevone Boykin,Trevone Boykin (7147256),MIA,QB,0.0,1.4,1.4,0.0,5000,SEA,0.0
Brandon,GB@Jax 01:00PM ET,7147248,Allen,Brandon Allen,Brandon Allen (7147248),GB,QB,0.0,0.0,0.0,0.0,5000,JAX,0.0
Tyler,Mia@Sea 04:05PM ET,7147698,Lockett,Tyler Lockett,Tyler Lockett (7147698),MIA,WR,12.75,13.5,13.5,11.71,5000,SEA,5.0
Jake,NE@Ari 08:30PM ET,7147275,Coker,Jake Coker,Jake Coker (7147275),NE,QB,0.0,0.0,0.0,0.0,5000,ARI,0.0
Connor,Oak@NO 01:00PM ET,7147218,Cook,Connor Cook,Connor Cook (7147218),NO,QB,0.0,0.0,0.0,0.0,5000,OAK,0.0
Jacoby,NE@Ari 08:30PM ET,7147276,Brissett,Jacoby Brissett,Jacoby Brissett (7147276),ARI,QB,0.0,0.0,0.0,0.0,5000,NE,0.0
Joe,Cin@NYJ 01:00PM ET,7147211,Licata,Joe Licata,Joe Licata (7147211),NYJ,QB,0.0,0.0,0.0,0.0,5000,CIN,0.0
Jake,Det@Ind 04:25PM ET,7147269,Rudock,Jake Rudock,Jake Rudock (7147269),IND,QB,0.0,0.0,0.0,0.0,5000,DET,0.0
Carson,Cle@Phi 01:00PM ET,7147204,Wentz,Carson Wentz,Carson Wentz (7147204),CLE,QB,15.51,17.9,17.9,15.74,5000,PHI,6.0
Alex,Min@Ten 01:00PM ET,7147196,Tanney,Alex Tanney,Alex Tanney (7147196),MIN,QB,0.0,0.0,0.0,0.0,5000,TEN,0.0
Joe,GB@Jax 01:00PM ET,7147249,Callahan,Joe Callahan,Joe Callahan (7147249),JAX,QB,0.0,0.0,0.0,0.0,5000,GB,0.0
Cardale,Buf@Bal 01:00PM ET,7147234,Jones,Cardale Jones,Cardale Jones (7147234),BAL,QB,0.0,0.0,0.0,0.0,5000,BUF,0.0
Christian,Cin@NYJ 01:00PM ET,7147212,Hackenberg,Christian Hackenberg,Christian Hackenberg (7147212),CIN,QB,0.0,0.0,0.0,0.0,5000,NYJ,0.0
Steve,Buf@Bal 01:00PM ET,7147609,Smith,Steve Smith,Steve Smith (7147609),BUF,WR,11.05,11.5,11.5,11.04,4900,BAL,6.0
Coby,Oak@NO 01:00PM ET,7147830,Fleener,Coby Fleener,Coby Fleener (7147830),OAK,TE,14.87,13.2,13.2,10.53,4900,NO,2.0
Ameer,Det@Ind 04:25PM ET,7147449,Abdullah,Ameer Abdullah,Ameer Abdullah (7147449),IND,RB,11.8,10.4,10.4,11.65,4900,DET,5.0
Sterling,NYG@Dal 04:25PM ET,7147720,Shepard,Sterling Shepard,Sterling Shepard (7147720),DAL,WR,12.47,12.8,12.8,12.28,4900,NYG,5.0
James,GB@Jax 01:00PM ET,7147398,Starks,James Starks,James Starks (7147398),JAX,RB,7.85,6.0,6.0,4.07,4800,GB,0.0
Giovani,Cin@NYJ 01:00PM ET,7147331,Bernard,Giovani Bernard,Giovani Bernard (7147331),NYJ,RB,10.0,10.6,10.6,11.16,4800,CIN,5.0
Willie,Oak@NO 01:00PM ET,7147570,Snead,Willie Snead,Willie Snead (7147570),OAK,WR,12.5,12.7,12.7,9.26,4800,NO,5.0
Stefon,Min@Ten 01:00PM ET,7147508,Diggs,Stefon Diggs,Stefon Diggs (7147508),TEN,WR,13.3,11.6,11.6,10.29,4800,MIN,6.0
Gary,Cle@Phi 01:00PM ET,7147803,Barnidge,Gary Barnidge,Gary Barnidge (7147803),PHI,TE,12.98,12.0,12.0,11.93,4700,CLE,3.0
Kamar,Buf@Bal 01:00PM ET,7147616,Aiken,Kamar Aiken,Kamar Aiken (7147616),BUF,WR,11.88,9.0,9.0,11.72,4700,BAL,0.0
Tyler,Cin@NYJ 01:00PM ET,7147820,Eifert,Tyler Eifert,Tyler Eifert (7147820),NYJ,TE,0.0,0.0,0.0,0.0,4700,CIN,0.0
Jeremy,Chi@Hou 01:00PM ET,7147391,Langford,Jeremy Langford,Jeremy Langford (7147391),HOU,RB,11.37,9.9,9.9,11.3,4700,CHI,6.0
Justin,Buf@Bal 01:00PM ET,7147369,Forsett,Justin Forsett,Justin Forsett (7147369),BUF,RB,12.47,8.5,8.5,10.1,4600,BAL,0.0
Marvin,Det@Ind 04:25PM ET,7147733,Jones,Marvin Jones,Marvin Jones (7147733),IND,WR,13.25,13.2,13.2,13.34,4600,DET,5.0
Robert,Buf@Bal 01:00PM ET,7147623,Woods,Robert Woods,Robert Woods (7147623),BAL,WR,10.44,8.0,8.0,5.41,4600,BUF,0.0
Jerick,Min@Ten 01:00PM ET,7147299,McKinnon,Jerick McKinnon,Jerick McKinnon (7147299),TEN,RB,5.03,7.4,7.4,0.0,4600,MIN,0.0
Melvin,SD@KC 01:00PM ET,7147361,Gordon,Melvin Gordon,Melvin Gordon (7147361),KC,RB,10.54,10.4,10.4,10.89,4600,SD,5.0
Jeremy,Cin@NYJ 01:00PM ET,7147336,Hill,Jeremy Hill,Jeremy Hill (7147336),NYJ,RB,9.63,8.0,8.0,11.51,4600,CIN,0.0
Anquan,Det@Ind 04:25PM ET,7147728,Boldin,Anquan Boldin,Anquan Boldin (7147728),IND,WR,10.93,7.7,7.7,5.73,4500,DET,0.0
Delanie,Min@Ten 01:00PM ET,7147790,Walker,Delanie Walker,Delanie Walker (7147790),MIN,TE,13.8,12.0,12.0,14.5,4500,TEN,3.0
Phillip,Det@Ind 04:25PM ET,7147741,Dorsett,Phillip Dorsett,Phillip Dorsett (7147741),DET,WR,10.9,11.0,11.0,7.18,4500,IND,7.0
Dorial,Min@Ten 01:00PM ET,7147506,Green-Beckham,Dorial Green-Beckham,Dorial Green-Beckham (7147506),MIN,WR,8.47,0.0,0.0,6.57,4500,TEN,0.0
Laquon,Min@Ten 01:00PM ET,7147511,Treadwell,Laquon Treadwell,Laquon Treadwell (7147511),TEN,WR,6.78,10.9,10.9,7.82,4500,MIN,7.0
Vincent,TB@Atl 01:00PM ET,7147469,Jackson,Vincent Jackson,Vincent Jackson (7147469),ATL,WR,12.38,12.5,12.5,8.52,4400,TB,5.0
Charles,TB@Atl 01:00PM ET,7147280,Sims,Charles Sims,Charles Sims (7147280),ATL,RB,10.45,10.4,10.4,9.44,4400,TB,5.0
Spencer,SD@KC 01:00PM ET,7147358,Ware,Spencer Ware,Spencer Ware (7147358),SD,RB,16.67,13.1,13.1,14.85,4400,KC,3.0
Tim,Oak@NO 01:00PM ET,7147338,Hightower,Tim Hightower,Tim Hightower (7147338),OAK,RB,4.92,3.9,3.9,4.03,4300,NO,0.0
Chris,GB@Jax 01:00PM ET,7147399,Ivory,Chris Ivory,Chris Ivory (7147399),GB,RB,0.0,8.7,8.7,0.0,4300,JAX,7.0
Bilal,Cin@NYJ 01:00PM ET,7147324,Powell,Bilal Powell,Bilal Powell (7147324),CIN,RB,10.02,7.6,7.6,7.58,4300,NYJ,0.0
Zach,Cle@Phi 01:00PM ET,7147805,Ertz,Zach Ertz,Zach Ertz (7147805),CLE,TE,14.12,12.4,12.4,11.46,4300,PHI,3.0
Davante,GB@Jax 01:00PM ET,7147676,Adams,Davante Adams,Davante Adams (7147676),JAX,WR,7.32,8.4,8.4,5.18,4300,GB,0.0
Darren,Cle@Phi 01:00PM ET,7147308,Sproles,Darren Sproles,Darren Sproles (7147308),CLE,RB,10.5,9.8,9.8,5.53,4200,PHI,6.0
Antonio,SD@KC 01:00PM ET,7147840,Gates,Antonio Gates,Antonio Gates (7147840),KC,TE,11.85,10.2,10.2,12.04,4200,SD,5.0
Danny,NE@Ari 08:30PM ET,7147755,Amendola,Danny Amendola,Danny Amendola (7147755),ARI,WR,7.35,4.3,4.3,4.33,4200,NE,0.0
Darren,NYG@Dal 04:25PM ET,7147427,McFadden,Darren McFadden,Darren McFadden (7147427),NYG,RB,0.0,0.0,0.0,0.0,4200,DAL,0.0
Mike,Buf@Bal 01:00PM ET,7147612,Wallace,Mike Wallace,Mike Wallace (7147612),BUF,WR,11.63,7.3,7.3,8.14,4200,BAL,0.0
Jay,Mia@Sea 04:05PM ET,7147416,Ajayi,Jay Ajayi,Jay Ajayi (7147416),SEA,RB,0.0,0.0,0.0,0.0,4200,MIA,0.0
Isaiah,Cle@Phi 01:00PM ET,7147316,Crowell,Isaiah Crowell,Isaiah Crowell (7147316),PHI,RB,8.57,9.1,9.1,8.49,4200,CLE,7.0
Tevin,TB@Atl 01:00PM ET,7147289,Coleman,Tevin Coleman,Tevin Coleman (7147289),TB,RB,6.8,6.4,6.4,5.92,4200,ATL,0.0
Jason,NYG@Dal 04:25PM ET,7147901,Witten,Jason Witten,Jason Witten (7147901),NYG,TE,12.15,11.1,11.1,9.49,4100,DAL,4.0
Andre,NE@Ari 08:30PM ET,7147458,Ellington,Andre Ellington,Andre Ellington (7147458),NE,RB,5.16,3.5,3.5,0.0,4100,ARI,0.0
Travis,SD@KC 01:00PM ET,7147592,Benjamin,Travis Benjamin,Travis Benjamin (7147592),KC,WR,10.28,10.5,10.5,8.42,4100,SD,7.0
Terrance,Buf@Bal 01:00PM ET,7147374,West,Terrance West,Terrance West (7147374),BUF,RB,6.36,8.3,8.3,7.92,4100,BAL,0.0
T.J.,GB@Jax 01:00PM ET,7147407,Yeldon,T.J. Yeldon,T.J. Yeldon (7147407),GB,RB,13.57,10.3,10.3,11.01,4100,JAX,5.0
Victor,NYG@Dal 04:25PM ET,7147705,Cruz,Victor Cruz,Victor Cruz (7147705),DAL,WR,7.73,6.5,4.97517911716,9.66,4000,NYG,0.0
Theo,Det@Ind 04:25PM ET,7147446,Riddick,Theo Riddick,Theo Riddick (7147446),IND,RB,11.1,11.4,13.8522198288,6.66,4000,DET,4.0
Michael,Oak@NO 01:00PM ET,7147579,Thomas,Michael Thomas,Michael Thomas (7147579),OAK,WR,7.31,10.5,11.1327275201,7.85,4000,NO,7.0
Derrick,Min@Ten 01:00PM ET,7147306,Henry,Derrick Henry,Derrick Henry (7147306),MIN,RB,6.69,8.1,8.4120173804,6.93,4000,TEN,0.0
Andre,Min@Ten 01:00PM ET,7147493,Johnson,Andre Johnson,Andre Johnson (7147493),MIN,WR,4.42,3.9,3.59150007068,4.03,3900,TEN,0.0
Brandon,Cin@NYJ 01:00PM ET,7147541,LaFell,Brandon LaFell,Brandon LaFell (7147541),NYJ,WR,9.82,6.7,8.48965933413,9.07,3900,CIN,0.0
Eric,Det@Ind 04:25PM ET,7147923,Ebron,Eric Ebron,Eric Ebron (7147923),IND,TE,9.86,11.4,11.6332168584,9.93,3900,DET,4.0
C.J.,Mia@Sea 04:05PM ET,7147424,Prosise,C.J. Prosise,C.J. Prosise (7147424),MIA,RB,4.7,4.3,4.3,3.04,3900,SEA,0.0
Andrew,Cle@Phi 01:00PM ET,7147514,Hawkins,Andrew Hawkins,Andrew Hawkins (7147514),PHI,WR,4.83,4.1,1.92381684709,0.0,3800,CLE,0.0
Jimmy,Mia@Sea 04:05PM ET,7147888,Graham,Jimmy Graham,Jimmy Graham (7147888),MIA,TE,9.94,8.9,16.5302113389,9.46,3800,SEA,7.0
Alfred,NYG@Dal 04:25PM ET,7147428,Morris,Alfred Morris,Alfred Morris (7147428),NYG,RB,3.01,4.1,6.44680932176,3.92,3800,DAL,0.0
Shane,NYG@Dal 04:25PM ET,7147429,Vereen,Shane Vereen,Shane Vereen (7147429),DAL,RB,9.89,9.3,18.4343257174,2.54,3800,NYG,7.0
Mike,Buf@Bal 01:00PM ET,7147373,Gillislee,Mike Gillislee,Mike Gillislee (7147373),BAL,RB,4.73,1.7,1.7,0.0,3800,BUF,0.0
Quincy,Cin@NYJ 01:00PM ET,7147546,Enunwa,Quincy Enunwa,Quincy Enunwa (7147546),CIN,WR,4.82,3.1,3.1,0.0,3800,NYJ,0.0
Julius,GB@Jax 01:00PM ET,7147881,Thomas,Julius Thomas,Julius Thomas (7147881),GB,TE,10.5,10.2,11.1995247159,11.5,3800,JAX,5.0
Seth,Oak@NO 01:00PM ET,7147582,Roberts,Seth Roberts,Seth Roberts (7147582),NO,WR,7.56,6.8,3.86403926721,5.15,3800,OAK,0.0
Jaelen,Chi@Hou 01:00PM ET,7147654,Strong,Jaelen Strong,Jaelen Strong (7147654),CHI,WR,3.91,4.6,2.59099564705,4.88,3800,HOU,0.0
Zach,Chi@Hou 01:00PM ET,7147864,Miller,Zach Miller,Zach Miller (7147864),HOU,TE,10.2,9.3,9.3,9.68,3700,CHI,6.0
Chris,NE@Ari 08:30PM ET,7147454,Johnson,Chris Johnson,Chris Johnson (7147454),NE,RB,3.52,2.9,0.0,3.45,3700,ARI,0.0
LeGarrette,NE@Ari 08:30PM ET,7147457,Blount,LeGarrette Blount,LeGarrette Blount (7147457),ARI,RB,8.95,11.5,15.821229974,9.04,3700,NE,4.0
Christine,Mia@Sea 04:05PM ET,7147414,Michael,Christine Michael,Christine Michael (7147414),MIA,RB,12.44,11.5,15.8696812546,11.26,3700,SEA,4.0
Marquess,Chi@Hou 01:00PM ET,7147644,Wilson,Marquess Wilson,Marquess Wilson (7147644),HOU,WR,0.0,1.9,1.9,0.0,3700,CHI,0.0
Chris,SD@KC 01:00PM ET,7147600,Conley,Chris Conley,Chris Conley (7147600),SD,WR,6.21,6.1,5.19940378966,4.86,3700,KC,0.0
DeAndre,Oak@NO 01:00PM ET,7147348,Washington,DeAndre Washington,DeAndre Washington (7147348),NO,RB,4.32,5.4,6.1957245949,4.0,3700,OAK,0.0
Breshad,Buf@Bal 01:00PM ET,7147633,Perriman,Breshad Perriman,Breshad Perriman (7147633),BUF,WR,4.92,6.4,8.25462271583,0.0,3700,BAL,0.0
Will,Chi@Hou 01:00PM ET,7147655,Fuller,Will Fuller,Will Fuller (7147655),CHI,WR,10.52,10.7,7.58198402937,8.08,3700,HOU,7.0
Jordan,Chi@Hou 01:00PM ET,7147397,Howard,Jordan Howard,Jordan Howard (7147397),HOU,RB,4.61,6.0,6.0,0.0,3700,CHI,0.0
Jeff,GB@Jax 01:00PM ET,7147679,Janis,Jeff Janis,Jeff Janis (7147679),JAX,WR,0.0,0.0,0.0,0.0,3700,GB,0.0
Dwayne,NYG@Dal 04:25PM ET,7147706,Harris,Dwayne Harris,Dwayne Harris (7147706),DAL,WR,2.65,2.2,2.2,0.0,3600,NYG,0.0
C.J.,Oak@NO 01:00PM ET,7147340,Spiller,C.J. Spiller,C.J. Spiller (7147340),OAK,RB,0.0,6.9,6.9,0.0,3600,NO,0.0
Alfred,Chi@Hou 01:00PM ET,7147387,Blue,Alfred Blue,Alfred Blue (7147387),CHI,RB,4.43,3.1,2.72865283874,0.0,3600,HOU,0.0
James,NE@Ari 08:30PM ET,7147466,White,James White,James White (7147466),ARI,RB,12.44,11.8,11.3657946314,9.28,3600,NE,4.0
Albert,SD@KC 01:00PM ET,7147596,Wilson,Albert Wilson,Albert Wilson (7147596),SD,WR,7.29,5.4,3.81423688074,0.0,3600,KC,0.0
Chris,NE@Ari 08:30PM ET,7147763,Hogan,Chris Hogan,Chris Hogan (7147763),ARI,WR,7.88,7.9,15.4301306091,6.22,3600,NE,0.0
Ty,GB@Jax 01:00PM ET,7147670,Montgomery,Ty Montgomery,Ty Montgomery (7147670),JAX,WR,0.0,2.4,2.4,0.0,3600,GB,0.0
Javorius,Buf@Bal 01:00PM ET,7147375,Allen,Javorius Allen,Javorius Allen (7147375),BUF,RB,0.0,5.1,6.49586683162,0.0,3600,BAL,0.0
Tyler,Cin@NYJ 01:00PM ET,7147559,Boyd,Tyler Boyd,Tyler Boyd (7147559),NYJ,WR,8.39,8.6,10.844654647,7.93,3600,CIN,0.0
Reggie,Buf@Bal 01:00PM ET,7147367,Bush,Reggie Bush,Reggie Bush (7147367),BAL,RB,4.57,4.5,4.5,3.77,3500,BUF,0.0
James,SD@KC 01:00PM ET,7147585,Jones,James Jones,James Jones (7147585),KC,WR,0.0,0.0,0.0,0.0,3500,SD,0.0
Benjamin,Buf@Bal 01:00PM ET,7147853,Watson,Benjamin Watson,Benjamin Watson (7147853),BUF,TE,0.0,0.0,0.0,0.0,3500,BAL,0.0
Jermaine,Mia@Sea 04:05PM ET,7147684,Kearse,Jermaine Kearse,Jermaine Kearse (7147684),MIA,WR,7.84,7.5,5.8072862758,6.89,3500,SEA,0.0
Ka'Deem,Chi@Hou 01:00PM ET,7147393,Carey,Ka'Deem Carey,Ka'Deem Carey (7147393),HOU,RB,4.37,4.4,4.4,0.0,3500,CHI,0.0
Rashad,GB@Jax 01:00PM ET,7147673,Greene,Rashad Greene,Rashad Greene (7147673),GB,WR,4.19,4.8,4.8,0.0,3500,JAX,0.0
Josh,Det@Ind 04:25PM ET,7147450,Ferguson,Josh Ferguson,Josh Ferguson (7147450),DET,RB,0.0,3.6,1.46247067613,0.0,3500,IND,0.0
Terrell,Cle@Phi 01:00PM ET,7147317,Watson,Terrell Watson,Terrell Watson (7147317),PHI,RB,0.0,0.0,0.0,0.0,3500,CLE,0.0
Nelson,Cle@Phi 01:00PM ET,7147529,Agholor,Nelson Agholor,Nelson Agholor (7147529),CLE,WR,7.36,8.4,8.4,5.96,3500,PHI,0.0
Charcandrick,SD@KC 01:00PM ET,7147366,West,Charcandrick West,Charcandrick West (7147366),SD,RB,6.32,10.0,10.4134884729,5.83,3500,KC,6.0
Harry,Min@Ten 01:00PM ET,7147494,Douglas,Harry Douglas,Harry Douglas (7147494),MIN,WR,7.96,3.8,7.145235004,0.0,3400,TEN,0.0
Martellus,NE@Ari 08:30PM ET,7147929,Bennett,Martellus Bennett,Martellus Bennett (7147929),ARI,TE,12.08,12.3,19.4613042381,10.22,3400,NE,3.0
Dontrelle,SD@KC 01:00PM ET,7147589,Inman,Dontrelle Inman,Dontrelle Inman (7147589),KC,WR,5.81,5.4,2.269531495,3.58,3400,SD,0.0
Charles,Buf@Bal 01:00PM ET,7147856,Clay,Charles Clay,Charles Clay (7147856),BAL,TE,10.46,9.4,9.4,8.21,3400,BUF,6.0
Kendall,Min@Ten 01:00PM ET,7147496,Wright,Kendall Wright,Kendall Wright (7147496),MIN,WR,0.0,0.0,1.43632250566,7.61,3400,TEN,0.0
Jaron,NE@Ari 08:30PM ET,7147758,Brown,Jaron Brown,Jaron Brown (7147758),NE,WR,2.93,0.0,0.808218042091,0.0,3400,ARI,0.0
Kenny,TB@Atl 01:00PM ET,7147477,Bell,Kenny Bell,Kenny Bell (7147477),ATL,WR,0.0,0.0,0.0,0.0,3400,TB,0.0
Kenneth,Buf@Bal 01:00PM ET,7147380,Dixon,Kenneth Dixon,Kenneth Dixon (7147380),BUF,RB,0.0,0.0,0.0,3.55,3400,BAL,0.0
Matt,Min@Ten 01:00PM ET,7147294,Asiata,Matt Asiata,Matt Asiata (7147294),TEN,RB,0.0,1.9,0.0,0.0,3300,MIN,0.0
Leonard,Buf@Bal 01:00PM ET,7147614,Hankerson,Leonard Hankerson,Leonard Hankerson (7147614),BAL,WR,5.64,0.0,0.0,0.0,3300,BUF,0.0
Terrance,NYG@Dal 04:25PM ET,7147710,Williams,Terrance Williams,Terrance Williams (7147710),NYG,WR,9.18,8.9,10.1471732535,8.25,3300,DAL,0.0
Rueben,Cle@Phi 01:00PM ET,7147519,Randle,Rueben Randle,Rueben Randle (7147519),CLE,WR,0.0,0.0,0.0,4.9,3300,PHI,0.0
Jared,GB@Jax 01:00PM ET,7147665,Abbrederis,Jared Abbrederis,Jared Abbrederis (7147665),JAX,WR,5.58,1.9,1.9,0.0,3300,GB,0.0
Will,NYG@Dal 04:25PM ET,7147906,Tye,Will Tye,Will Tye (7147906),DAL,TE,7.54,6.1,6.65379613333,5.8,3300,NYG,0.0
Rishard,Min@Ten 01:00PM ET,7147502,Matthews,Rishard Matthews,Rishard Matthews (7147502),MIN,WR,10.47,15.1,12.9302388192,7.71,3300,TEN,4.0
Cecil,Chi@Hou 01:00PM ET,7147643,Shorts III,Cecil Shorts III,Cecil Shorts III (7147643),CHI,WR,0.0,0.0,0.0,0.0,3300,HOU,0.0
Eddie,Chi@Hou 01:00PM ET,7147635,Royal,Eddie Royal,Eddie Royal (7147635),HOU,WR,6.9,5.2,5.2,0.0,3200,CHI,0.0
Hakeem,Oak@NO 01:00PM ET,7147563,Nicks,Hakeem Nicks,Hakeem Nicks (7147563),OAK,WR,0.0,0.0,0.0,0.0,3200,NO,0.0
Cole,NYG@Dal 04:25PM ET,7147711,Beasley,Cole Beasley,Cole Beasley (7147711),NYG,WR,7.31,7.4,6.55145900173,4.01,3200,DAL,0.0
Dwayne,Det@Ind 04:25PM ET,7147917,Allen,Dwayne Allen,Dwayne Allen (7147917),DET,TE,9.96,10.9,11.6529954432,6.71,3200,IND,4.0
Kenny,Mia@Sea 04:05PM ET,7147687,Stills,Kenny Stills,Kenny Stills (7147687),SEA,WR,9.97,13.5,14.1930046802,5.71,3200,MIA,5.0
J.J.,NE@Ari 08:30PM ET,7147762,Nelson,J.J. Nelson,J.J. Nelson (7147762),NE,WR,0.0,4.0,4.0,0.0,3200,ARI,0.0
Andre,Oak@NO 01:00PM ET,7147568,Holmes,Andre Holmes,Andre Holmes (7147568),NO,WR,4.48,3.9,4.24368652911,0.0,3200,OAK,0.0
Karlos,Buf@Bal 01:00PM ET,7147377,Williams,Karlos Williams,Karlos Williams (7147377),BAL,RB,0.0,0.0,0.0,0.0,3200,BUF,0.0
Paul,NYG@Dal 04:25PM ET,7147438,Perkins,Paul Perkins,Paul Perkins (7147438),DAL,RB,0.0,3.8,3.8,0.0,3200,NYG,0.0
Leonte,Mia@Sea 04:05PM ET,7147703,Carroo,Leonte Carroo,Leonte Carroo (7147703),SEA,WR,4.4,2.9,2.9,0.0,3200,MIA,0.0
Lorenzo,Buf@Bal 01:00PM ET,7147382,Taliaferro,Lorenzo Taliaferro,Lorenzo Taliaferro (7147382),BUF,RB,0.0,0.0,0.0,0.0,3200,BAL,0.0
Stevie,SD@KC 01:00PM ET,7147587,Johnson,Stevie Johnson,Stevie Johnson (7147587),KC,WR,0.0,0.0,0.0,0.0,3100,SD,0.0
Jacquizz,Chi@Hou 01:00PM ET,7147384,Rodgers,Jacquizz Rodgers,Jacquizz Rodgers (7147384),HOU,RB,0.0,0.0,0.0,0.0,3100,CHI,0.0
Knile,SD@KC 01:00PM ET,7147356,Davis,Knile Davis,Knile Davis (7147356),SD,RB,0.0,0.0,0.0,0.0,3100,KC,0.0
Kyle,Buf@Bal 01:00PM ET,7147372,Juszczyk,Kyle Juszczyk,Kyle Juszczyk (7147372),BUF,RB,0.0,2.0,2.0,0.0,3100,BAL,0.0
Denard,GB@Jax 01:00PM ET,7147403,Robinson,Denard Robinson,Denard Robinson (7147403),GB,RB,3.63,0.0,0.0,0.0,3100,JAX,0.0
Justin,TB@Atl 01:00PM ET,7147480,Hardy,Justin Hardy,Justin Hardy (7147480),TB,WR,6.01,7.4,5.32293720491,5.3,3100,ATL,0.0
Marqise,GB@Jax 01:00PM ET,7147671,Lee,Marqise Lee,Marqise Lee (7147671),GB,WR,4.97,3.1,2.9274627704,0.0,3100,JAX,0.0
Richard,GB@Jax 01:00PM ET,7147884,Rodgers,Richard Rodgers,Richard Rodgers (7147884),JAX,TE,7.0,3.3,3.55368496615,6.1,3100,GB,0.0
Alex,Mia@Sea 04:05PM ET,7147425,Collins,Alex Collins,Alex Collins (7147425),MIA,RB,0.0,0.0,0.0,0.0,3100,SEA,0.0
Nate,NE@Ari 08:30PM ET,7147752,Washington,Nate Washington,Nate Washington (7147752),ARI,WR,0.0,0.0,0.0,0.0,3000,NE,0.0
Andre,Det@Ind 04:25PM ET,7147729,Caldwell,Andre Caldwell,Andre Caldwell (7147729),IND,WR,0.0,0.0,0.0,0.0,3000,DET,0.0
Eric,TB@Atl 01:00PM ET,7147470,Weems,Eric Weems,Eric Weems (7147470),TB,WR,0.0,0.0,0.0,0.0,3000,ATL,0.0
Matthew,NE@Ari 08:30PM ET,7147753,Slater,Matthew Slater,Matthew Slater (7147753),ARI,WR,0.0,0.0,0.0,0.0,3000,NE,0.0
Jerome,Buf@Bal 01:00PM ET,7147368,Felton,Jerome Felton,Jerome Felton (7147368),BAL,RB,0.0,0.0,0.0,0.0,3000,BUF,0.0
Cedric,Cin@NYJ 01:00PM ET,7147323,Peerman,Cedric Peerman,Cedric Peerman (7147323),NYJ,RB,0.0,0.0,0.0,0.0,3000,CIN,0.0
Marlon,Cle@Phi 01:00PM ET,7147515,Moore,Marlon Moore,Marlon Moore (7147515),PHI,WR,0.0,0.0,0.0,0.0,3000,CLE,0.0
Brandon,Cin@NYJ 01:00PM ET,7147539,Tate,Brandon Tate,Brandon Tate (7147539),NYJ,WR,3.55,0.0,0.0,0.0,3000,CIN,0.0
Darrel,Chi@Hou 01:00PM ET,7147383,Young,Darrel Young,Darrel Young (7147383),HOU,RB,0.0,0.0,0.0,0.0,3000,CHI,0.0
Louis,TB@Atl 01:00PM ET,7147471,Murphy,Louis Murphy,Louis Murphy (7147471),ATL,WR,0.0,0.0,0.0,0.0,3000,TB,0.0
Donald,NE@Ari 08:30PM ET,7147455,Brown,Donald Brown,Donald Brown (7147455),ARI,RB,0.0,0.0,0.0,0.0,3000,NE,0.0
Dobson,Buf@Bal 01:00PM ET,7147610,Collins,Dobson Collins,Dobson Collins (7147610),BUF,WR,0.0,0.0,0.0,0.0,3000,BAL,0.0
Kyle,Cin@NYJ 01:00PM ET,7147542,Williams,Kyle Williams,Kyle Williams (7147542),CIN,WR,0.0,0.0,0.0,0.0,3000,NYJ,0.0
Greg,Buf@Bal 01:00PM ET,7147611,Salas,Greg Salas,Greg Salas (7147611),BAL,WR,3.06,0.0,0.0,0.0,3000,BUF,0.0
Marcel,Oak@NO 01:00PM ET,7147339,Reece,Marcel Reece,Marcel Reece (7147339),NO,RB,0.0,0.0,0.0,0.0,3000,OAK,0.0
Marc,Chi@Hou 01:00PM ET,7147636,Mariani,Marc Mariani,Marc Mariani (7147636),HOU,WR,4.98,0.0,0.0,0.0,3000,CHI,0.0
Bryan,GB@Jax 01:00PM ET,7147659,Walters,Bryan Walters,Bryan Walters (7147659),GB,WR,0.0,1.3,1.3,0.0,3000,JAX,0.0
Andre,Det@Ind 04:25PM ET,7147730,Roberts,Andre Roberts,Andre Roberts (7147730),IND,WR,0.0,3.2,3.2,0.0,3000,DET,0.0
Jeremy,Cin@NYJ 01:00PM ET,7147543,Ross,Jeremy Ross,Jeremy Ross (7147543),CIN,WR,0.0,0.0,0.0,0.0,3000,NYJ,0.0
Dexter,Min@Ten 01:00PM ET,7147293,McCluster,Dexter McCluster,Dexter McCluster (7147293),MIN,RB,0.0,0.0,0.0,0.0,3000,TEN,0.0
Mike,SD@KC 01:00PM ET,7147588,Williams,Mike Williams,Mike Williams (7147588),SD,WR,0.0,0.0,0.0,0.0,3000,KC,0.0
James,NE@Ari 08:30PM ET,7147456,Develin,James Develin,James Develin (7147456),ARI,RB,0.0,0.0,0.0,0.0,3000,NE,0.0
Arrelious,GB@Jax 01:00PM ET,7147660,Benn,Arrelious Benn,Arrelious Benn (7147660),GB,WR,0.0,0.0,0.0,0.0,3000,JAX,0.0
Marcus,Buf@Bal 01:00PM ET,7147613,Easley,Marcus Easley,Marcus Easley (7147613),BAL,WR,0.0,0.0,0.0,0.0,3000,BUF,0.0
Stevan,Det@Ind 04:25PM ET,7147442,Ridley,Stevan Ridley,Stevan Ridley (7147442),IND,RB,0.0,0.0,0.0,0.0,3000,DET,0.0
Taiwan,Oak@NO 01:00PM ET,7147341,Jones,Taiwan Jones,Taiwan Jones (7147341),NO,RB,0.0,2.2,2.2,0.0,3000,OAK,0.0
Charles,Min@Ten 01:00PM ET,7147495,Johnson,Charles Johnson,Charles Johnson (7147495),TEN,WR,6.19,0.0,1.6669152361,4.45,3000,MIN,0.0
Deonte,Chi@Hou 01:00PM ET,7147637,Thompson,Deonte Thompson,Deonte Thompson (7147637),HOU,WR,0.0,0.0,0.0,0.0,3000,CHI,0.0
Daniel,Buf@Bal 01:00PM ET,7147370,Herron,Daniel Herron,Daniel Herron (7147370),BAL,RB,0.0,0.0,0.0,0.0,3000,BUF,0.0
Jordan,Mia@Sea 04:05PM ET,7147889,Cameron,Jordan Cameron,Jordan Cameron (7147889),SEA,TE,8.32,8.8,15.1820066919,7.06,3000,MIA,7.0
Greg,Buf@Bal 01:00PM ET,7147615,Little,Greg Little,Greg Little (7147615),BAL,WR,0.0,0.0,0.0,0.0,3000,BUF,0.0
Joe,GB@Jax 01:00PM ET,7147400,Banyard,Joe Banyard,Joe Banyard (7147400),GB,RB,0.0,0.0,0.0,0.0,3000,JAX,0.0
Jeremy,Det@Ind 04:25PM ET,7147731,Kerley,Jeremy Kerley,Jeremy Kerley (7147731),IND,WR,9.5,0.0,1.31249419052,0.0,3000,DET,0.0
Robert,Cle@Phi 01:00PM ET,7147309,Hughes,Robert Hughes,Robert Hughes (7147309),PHI,RB,0.0,0.0,0.0,0.0,3000,CLE,0.0
Travaris,Oak@NO 01:00PM ET,7147342,Cadet,Travaris Cadet,Travaris Cadet (7147342),OAK,RB,0.0,0.0,0.0,0.0,3000,NO,0.0
Nathan,Oak@NO 01:00PM ET,7147565,Palmer,Nathan Palmer,Nathan Palmer (7147565),NO,WR,0.0,0.0,0.0,0.0,3000,OAK,0.0
Kashif,SD@KC 01:00PM ET,7147590,Moore,Kashif Moore,Kashif Moore (7147590),SD,WR,0.0,0.0,0.0,0.0,3000,KC,0.0
Anthony,SD@KC 01:00PM ET,7147355,Sherman,Anthony Sherman,Anthony Sherman (7147355),SD,RB,0.0,0.0,0.0,0.0,3000,KC,0.0
Aldrick,TB@Atl 01:00PM ET,7147472,Robinson,Aldrick Robinson,Aldrick Robinson (7147472),TB,WR,0.0,0.0,1.80370398606,0.0,3000,ATL,0.0
Robert,Det@Ind 04:25PM ET,7147443,Turbin,Robert Turbin,Robert Turbin (7147443),DET,RB,3.09,1.9,1.36490597635,0.0,3000,IND,0.0
Will,NYG@Dal 04:25PM ET,7147430,Johnson,Will Johnson,Will Johnson (7147430),DAL,RB,0.0,0.0,0.0,0.0,3000,NYG,0.0
Bobby,NYG@Dal 04:25PM ET,7147431,Rainey,Bobby Rainey,Bobby Rainey (7147431),DAL,RB,0.0,0.0,0.864784420493,0.0,3000,NYG,0.0
Patrick,TB@Atl 01:00PM ET,7147278,DiMarco,Patrick DiMarco,Patrick DiMarco (7147278),TB,RB,0.0,1.1,1.1,0.0,3000,ATL,0.0
Isaiah,Mia@Sea 04:05PM ET,7147412,Pead,Isaiah Pead,Isaiah Pead (7147412),SEA,RB,0.0,0.0,0.0,0.0,3000,MIA,0.0
George,Det@Ind 04:25PM ET,7147444,Winn,George Winn,George Winn (7147444),IND,RB,0.0,0.0,0.0,0.0,3000,DET,0.0
Tavarres,NYG@Dal 04:25PM ET,7147708,King,Tavarres King,Tavarres King (7147708),DAL,WR,0.0,0.0,0.0,0.0,3000,NYG,0.0
Austin,Oak@NO 01:00PM ET,7147343,Johnson,Austin Johnson,Austin Johnson (7147343),OAK,RB,0.0,0.0,0.0,0.0,3000,NO,0.0
Terrelle,Cle@Phi 01:00PM ET,7147516,Pryor,Terrelle Pryor,Terrelle Pryor (7147516),PHI,WR,7.45,11.1,12.948507655,4.69,3000,CLE,7.0
Kenjon,Cle@Phi 01:00PM ET,7147311,Barner,Kenjon Barner,Kenjon Barner (7147311),CLE,RB,0.0,2.4,2.4,0.0,3000,PHI,0.0
Brice,NYG@Dal 04:25PM ET,7147709,Butler,Brice Butler,Brice Butler (7147709),NYG,WR,2.14,1.4,0.656541557572,0.0,3000,DAL,0.0
Zach,Min@Ten 01:00PM ET,7147295,Line,Zach Line,Zach Line (7147295),TEN,RB,0.0,0.0,0.0,0.0,3000,MIN,0.0
Griff,Mia@Sea 04:05PM ET,7147685,Whalen,Griff Whalen,Griff Whalen (7147685),SEA,WR,0.0,0.0,0.0,0.0,3000,MIA,0.0
Jonathan,Chi@Hou 01:00PM ET,7147385,Grimes,Jonathan Grimes,Jonathan Grimes (7147385),CHI,RB,0.0,0.0,0.0,0.0,3000,HOU,0.0
Frankie,SD@KC 01:00PM ET,7147591,Hammond,Frankie Hammond,Frankie Hammond (7147591),SD,WR,0.0,0.0,0.0,0.0,3000,KC,0.0
T.J.,Cle@Phi 01:00PM ET,7147517,Graham,T.J. Graham,T.J. Graham (7147517),CLE,WR,0.0,0.0,0.0,0.0,3000,PHI,0.0
Chris,Cle@Phi 01:00PM ET,7147518,Givens,Chris Givens,Chris Givens (7147518),CLE,WR,0.0,0.0,0.0,0.0,3000,PHI,0.0
Glenn,Cle@Phi 01:00PM ET,7147312,Winston,Glenn Winston,Glenn Winston (7147312),PHI,RB,0.0,0.0,0.0,0.0,3000,CLE,0.0
Keshawn,NE@Ari 08:30PM ET,7147759,Martin,Keshawn Martin,Keshawn Martin (7147759),ARI,WR,0.0,0.0,0.0,0.0,3000,NE,0.0
Myles,NYG@Dal 04:25PM ET,7147712,White,Myles White,Myles White (7147712),DAL,WR,0.0,0.0,0.0,0.0,3000,NYG,0.0
Troy,Min@Ten 01:00PM ET,7147497,Stoudermire,Troy Stoudermire,Troy Stoudermire (7147497),TEN,WR,0.0,0.0,0.0,0.0,3000,MIN,0.0
Jarrett,Buf@Bal 01:00PM ET,7147617,Boykin,Jarrett Boykin,Jarrett Boykin (7147617),BAL,WR,0.0,0.0,0.0,0.0,3000,BUF,0.0
B.J.,Chi@Hou 01:00PM ET,7147638,Daniels,B.J. Daniels,B.J. Daniels (7147638),HOU,WR,0.0,0.0,0.0,0.0,3000,CHI,0.0
Jordan,Det@Ind 04:25PM ET,7147445,Todman,Jordan Todman,Jordan Todman (7147445),DET,RB,0.0,0.0,0.0,0.0,3000,IND,0.0
Jarius,Min@Ten 01:00PM ET,7147498,Wright,Jarius Wright,Jarius Wright (7147498),TEN,WR,0.0,5.1,5.1,0.0,3000,MIN,0.0
Brandon,NE@Ari 08:30PM ET,7147459,Bolden,Brandon Bolden,Brandon Bolden (7147459),ARI,RB,0.0,2.1,2.1,0.0,3000,NE,0.0
Lance,NYG@Dal 04:25PM ET,7147432,Dunbar,Lance Dunbar,Lance Dunbar (7147432),NYG,RB,0.0,0.0,0.0,0.0,3000,DAL,0.0
Jonas,GB@Jax 01:00PM ET,7147401,Gray,Jonas Gray,Jonas Gray (7147401),GB,RB,0.0,0.0,0.0,0.0,3000,JAX,0.0
Kyle,Min@Ten 01:00PM ET,7147794,Rudolph,Kyle Rudolph,Kyle Rudolph (7147794),TEN,TE,8.39,11.0,9.4494155198,7.69,3000,MIN,4.0
Russell,TB@Atl 01:00PM ET,7147474,Shepard,Russell Shepard,Russell Shepard (7147474),ATL,WR,0.0,0.0,0.0,0.0,3000,TB,0.0
Josh,Det@Ind 04:25PM ET,7147735,Boyce,Josh Boyce,Josh Boyce (7147735),DET,WR,0.0,0.0,0.0,0.0,3000,IND,0.0
Matthew,Cin@NYJ 01:00PM ET,7147325,Tucker,Matthew Tucker,Matthew Tucker (7147325),CIN,RB,0.0,0.0,0.0,0.0,3000,NYJ,0.0
Mike,TB@Atl 01:00PM ET,7147279,James,Mike James,Mike James (7147279),ATL,RB,0.0,0.0,0.0,0.0,3000,TB,0.0
Tommy,Cin@NYJ 01:00PM ET,7147326,Bohanon,Tommy Bohanon,Tommy Bohanon (7147326),CIN,RB,0.0,0.0,0.0,0.0,3000,NYJ,0.0
Rex,Cin@NYJ 01:00PM ET,7147327,Burkhead,Rex Burkhead,Rex Burkhead (7147327),NYJ,RB,0.0,1.5,1.5,0.0,3000,CIN,0.0
Michael,Buf@Bal 01:00PM ET,7147618,Campanaro,Michael Campanaro,Michael Campanaro (7147618),BUF,WR,0.0,0.0,0.0,0.0,3000,BAL,0.0
Nikita,NYG@Dal 04:25PM ET,7147433,Whitlock,Nikita Whitlock,Nikita Whitlock (7147433),DAL,RB,0.0,0.0,0.0,0.0,3000,NYG,0.0
Damian,Det@Ind 04:25PM ET,7147736,Copeland,Damian Copeland,Damian Copeland (7147736),IND,WR,0.0,0.0,0.0,0.0,3000,DET,0.0
Tyler,NE@Ari 08:30PM ET,7147461,Gaffney,Tyler Gaffney,Tyler Gaffney (7147461),ARI,RB,0.0,0.0,0.0,0.0,3000,NE,0.0
Stepfan,NE@Ari 08:30PM ET,7147462,Taylor,Stepfan Taylor,Stepfan Taylor (7147462),NE,RB,0.0,0.0,0.0,0.0,3000,ARI,0.0
Tony,GB@Jax 01:00PM ET,7147662,Washington,Tony Washington,Tony Washington (7147662),GB,WR,0.0,0.0,0.0,0.0,3000,JAX,0.0
Branden,SD@KC 01:00PM ET,7147357,Oliver,Branden Oliver,Branden Oliver (7147357),KC,RB,0.0,0.0,0.0,0.0,3000,SD,0.0
Cameron,Mia@Sea 04:05PM ET,7147413,Marshall,Cameron Marshall,Cameron Marshall (7147413),MIA,RB,0.0,0.0,0.0,0.0,3000,SEA,0.0
Marquise,Buf@Bal 01:00PM ET,7147619,Goodwin,Marquise Goodwin,Marquise Goodwin (7147619),BAL,WR,0.0,6.7,6.7,0.0,3000,BUF,0.0
Mitch,SD@KC 01:00PM ET,7147593,Mathews,Mitch Mathews,Mitch Mathews (7147593),SD,WR,0.0,0.0,0.0,0.0,3000,KC,0.0
Kerwynn,NE@Ari 08:30PM ET,7147463,Williams,Kerwynn Williams,Kerwynn Williams (7147463),NE,RB,0.0,0.0,0.0,0.0,3000,ARI,0.0
Andre,Det@Ind 04:25PM ET,7147737,Debose,Andre Debose,Andre Debose (7147737),DET,WR,0.0,0.0,0.0,0.0,3000,IND,0.0
Shaq,GB@Jax 01:00PM ET,7147663,Evans,Shaq Evans,Shaq Evans (7147663),GB,WR,0.0,0.0,0.0,0.0,3000,JAX,0.0
Rodney,NYG@Dal 04:25PM ET,7147713,Smith,Rodney Smith,Rodney Smith (7147713),NYG,WR,0.0,0.0,0.0,0.0,3000,DAL,0.0
Ed,GB@Jax 01:00PM ET,7147664,Williams,Ed Williams,Ed Williams (7147664),JAX,WR,0.0,0.0,0.0,0.0,3000,GB,0.0
Josh,Chi@Hou 01:00PM ET,7147640,Lenz,Josh Lenz,Josh Lenz (7147640),CHI,WR,0.0,0.0,0.0,0.0,3000,HOU,0.0
Nick,TB@Atl 01:00PM ET,7147476,Williams,Nick Williams,Nick Williams (7147476),TB,WR,2.12,1.3,1.3,0.0,3000,ATL,0.0
Devin,NYG@Dal 04:25PM ET,7147714,Street,Devin Street,Devin Street (7147714),NYG,WR,0.0,0.0,0.0,0.0,3000,DAL,0.0
Chris,Buf@Bal 01:00PM ET,7147620,Matthews,Chris Matthews,Chris Matthews (7147620),BUF,WR,0.0,0.0,0.0,0.0,3000,BAL,0.0
Aaron,NE@Ari 08:30PM ET,7147761,Dobson,Aaron Dobson,Aaron Dobson (7147761),ARI,WR,0.0,0.0,0.0,0.0,3000,NE,0.0
Bernard,Cin@NYJ 01:00PM ET,7147328,Pierce,Bernard Pierce,Bernard Pierce (7147328),CIN,RB,0.0,0.0,0.0,0.0,3000,NYJ,0.0
Daniel,Mia@Sea 04:05PM ET,7147415,Thomas,Daniel Thomas,Daniel Thomas (7147415),SEA,RB,0.0,0.0,0.0,0.0,3000,MIA,0.0
Terrell,Min@Ten 01:00PM ET,7147499,Sinkfield,Terrell Sinkfield,Terrell Sinkfield (7147499),TEN,WR,0.0,0.0,0.0,0.0,3000,MIN,0.0
Dominique,Cin@NYJ 01:00PM ET,7147329,Williams,Dominique Williams,Dominique Williams (7147329),CIN,RB,0.0,0.0,0.0,0.0,3000,NYJ,0.0
A.J.,Mia@Sea 04:05PM ET,7147686,Cruz,A.J. Cruz,A.J. Cruz (7147686),SEA,WR,0.0,0.0,0.0,0.0,3000,MIA,0.0
Kadron,NYG@Dal 04:25PM ET,7147715,Boone,Kadron Boone,Kadron Boone (7147715),DAL,WR,0.0,0.0,0.0,0.0,3000,NYG,0.0
James,Cin@NYJ 01:00PM ET,7147545,Wright,James Wright,James Wright (7147545),NYJ,WR,0.0,0.0,0.0,0.0,3000,CIN,0.0
Storm,TB@Atl 01:00PM ET,7147281,Johnson,Storm Johnson,Storm Johnson (7147281),ATL,RB,0.0,0.0,0.0,0.0,3000,TB,0.0
Justin,Min@Ten 01:00PM ET,7147500,Hunter,Justin Hunter,Justin Hunter (7147500),MIN,WR,0.0,0.0,0.0,0.0,3000,TEN,0.0
Rajion,Cle@Phi 01:00PM ET,7147313,Neal,Rajion Neal,Rajion Neal (7147313),PHI,RB,0.0,0.0,0.0,0.0,3000,CLE,0.0
Trey,SD@KC 01:00PM ET,7147359,Millard,Trey Millard,Trey Millard (7147359),SD,RB,0.0,0.0,0.0,0.0,3000,KC,0.0
Jay,Chi@Hou 01:00PM ET,7147388,Prosch,Jay Prosch,Jay Prosch (7147388),CHI,RB,0.0,0.0,0.0,0.0,3000,HOU,0.0
Jalston,Min@Ten 01:00PM ET,7147296,Fowler,Jalston Fowler,Jalston Fowler (7147296),MIN,RB,0.0,0.0,0.0,0.0,3000,TEN,0.0
Jeff,Cin@NYJ 01:00PM ET,7147330,Luc,Jeff Luc,Jeff Luc (7147330),NYJ,RB,0.0,0.0,0.0,0.0,3000,CIN,0.0
TJ,Det@Ind 04:25PM ET,7147738,Jones,TJ Jones,TJ Jones (7147738),IND,WR,0.0,0.0,0.0,0.0,3000,DET,0.0
Kenbrell,Cin@NYJ 01:00PM ET,7147547,Thompkins,Kenbrell Thompkins,Kenbrell Thompkins (7147547),CIN,WR,0.0,0.0,0.0,0.0,3000,NYJ,0.0
Joey,NE@Ari 08:30PM ET,7147464,Iosefa,Joey Iosefa,Joey Iosefa (7147464),ARI,RB,0.0,0.0,0.0,0.0,3000,NE,0.0
Kain,Buf@Bal 01:00PM ET,7147621,Colter,Kain Colter,Kain Colter (7147621),BAL,WR,0.0,0.0,0.0,0.0,3000,BUF,0.0
Rashad,GB@Jax 01:00PM ET,7147667,Lawrence,Rashad Lawrence,Rashad Lawrence (7147667),GB,WR,0.0,0.0,0.0,0.0,3000,JAX,0.0
Orleans,NYG@Dal 04:25PM ET,7147434,Darkwa,Orleans Darkwa,Orleans Darkwa (7147434),DAL,RB,0.0,2.1,3.65386644962,0.0,3000,NYG,0.0
Rod,SD@KC 01:00PM ET,7147594,Streater,Rod Streater,Rod Streater (7147594),SD,WR,0.0,0.0,0.0,0.0,3000,KC,0.0
Jamel,GB@Jax 01:00PM ET,7147668,Johnson,Jamel Johnson,Jamel Johnson (7147668),JAX,WR,0.0,0.0,0.0,0.0,3000,GB,0.0
R.J.,Oak@NO 01:00PM ET,7147566,Harris,R.J. Harris,R.J. Harris (7147566),OAK,WR,0.0,0.0,0.0,0.0,3000,NO,0.0
Michael,Cin@NYJ 01:00PM ET,7147548,Bennett,Michael Bennett,Michael Bennett (7147548),NYJ,WR,0.0,0.0,0.0,0.0,3000,CIN,0.0
Marcus,Oak@NO 01:00PM ET,7147346,Murphy,Marcus Murphy,Marcus Murphy (7147346),OAK,RB,0.0,0.0,0.0,0.0,3000,NO,0.0
Andre,NYG@Dal 04:25PM ET,7147435,Williams,Andre Williams,Andre Williams (7147435),DAL,RB,0.0,0.0,0.0,0.0,3000,NYG,0.0
Clive,Oak@NO 01:00PM ET,7147835,Walford,Clive Walford,Clive Walford (7147835),NO,TE,8.36,8.8,7.81584810419,6.95,3000,OAK,7.0
Rod,NYG@Dal 04:25PM ET,7147436,Smith,Rod Smith,Rod Smith (7147436),NYG,RB,0.0,0.0,0.0,0.0,3000,DAL,0.0
Joshua,Chi@Hou 01:00PM ET,7147641,Bellamy,Joshua Bellamy,Joshua Bellamy (7147641),HOU,WR,0.0,0.0,0.0,0.0,3000,CHI,0.0
Senorise,Chi@Hou 01:00PM ET,7147389,Perry,Senorise Perry,Senorise Perry (7147389),HOU,RB,0.0,0.0,0.0,0.0,3000,CHI,0.0
Jordan,TB@Atl 01:00PM ET,7147478,Leslie,Jordan Leslie,Jordan Leslie (7147478),TB,WR,0.0,0.0,0.0,0.0,3000,ATL,0.0
Neal,GB@Jax 01:00PM ET,7147669,Sterling,Neal Sterling,Neal Sterling (7147669),GB,WR,0.0,0.0,0.0,0.0,3000,JAX,0.0
Walt,Buf@Bal 01:00PM ET,7147622,Powell,Walt Powell,Walt Powell (7147622),BAL,WR,0.0,0.0,0.0,0.0,3000,BUF,0.0
Javontee,SD@KC 01:00PM ET,7147595,Herndon,Javontee Herndon,Javontee Herndon (7147595),KC,WR,0.0,0.0,0.0,0.0,3000,SD,0.0
Malcolm,Cle@Phi 01:00PM ET,7147314,Johnson,Malcolm Johnson,Malcolm Johnson (7147314),PHI,RB,0.0,1.1,1.1,0.0,3000,CLE,0.0
Jonathan,TB@Atl 01:00PM ET,7147479,Krause,Jonathan Krause,Jonathan Krause (7147479),ATL,WR,0.0,0.0,0.0,0.0,3000,TB,0.0
Josh,Cle@Phi 01:00PM ET,7147522,Huff,Josh Huff,Josh Huff (7147522),CLE,WR,0.0,3.4,3.4,0.0,3000,PHI,0.0
Soma,Chi@Hou 01:00PM ET,7147390,Vainuku,Soma Vainuku,Soma Vainuku (7147390),CHI,RB,0.0,0.0,0.0,0.0,3000,HOU,0.0
Andrew,Min@Ten 01:00PM ET,7147501,Turzilli,Andrew Turzilli,Andrew Turzilli (7147501),MIN,WR,0.0,0.0,0.0,0.0,3000,TEN,0.0
Brandon,Oak@NO 01:00PM ET,7147567,Coleman,Brandon Coleman,Brandon Coleman (7147567),OAK,WR,4.45,1.2,1.21953853622,0.0,3000,NO,0.0
Sam,Min@Ten 01:00PM ET,7147297,Bergen,Sam Bergen,Sam Bergen (7147297),MIN,RB,0.0,0.0,0.0,0.0,3000,TEN,0.0
Michael,Det@Ind 04:25PM ET,7147447,Burton,Michael Burton,Michael Burton (7147447),IND,RB,0.0,0.0,0.0,0.0,3000,DET,0.0
Corey,GB@Jax 01:00PM ET,7147404,Grant,Corey Grant,Corey Grant (7147404),GB,RB,0.0,0.0,0.0,0.0,3000,JAX,0.0
Kaelin,Buf@Bal 01:00PM ET,7147624,Clay,Kaelin Clay,Kaelin Clay (7147624),BUF,WR,0.0,0.0,0.0,0.0,3000,BAL,0.0
Antwan,Mia@Sea 04:05PM ET,7147688,Goodley,Antwan Goodley,Antwan Goodley (7147688),MIA,WR,0.0,0.0,0.0,0.0,3000,SEA,0.0
Matt,Mia@Sea 04:05PM ET,7147689,Hazel,Matt Hazel,Matt Hazel (7147689),SEA,WR,0.0,0.0,0.0,0.0,3000,MIA,0.0
Keith,Chi@Hou 01:00PM ET,7147642,Mumphery,Keith Mumphery,Keith Mumphery (7147642),CHI,WR,0.0,2.0,2.0,0.0,3000,HOU,0.0
Da'Ron,SD@KC 01:00PM ET,7147598,Brown,Da'Ron Brown,Da'Ron Brown (7147598),SD,WR,0.0,0.0,0.0,0.0,3000,KC,0.0
Kevin,Mia@Sea 04:05PM ET,7147690,Smith,Kevin Smith,Kevin Smith (7147690),MIA,WR,0.0,0.0,0.0,0.0,3000,SEA,0.0
Corey,Det@Ind 04:25PM ET,7147739,Fuller,Corey Fuller,Corey Fuller (7147739),IND,WR,0.0,0.0,0.0,0.0,3000,DET,0.0
Jake,Cin@NYJ 01:00PM ET,7147549,Kumerow,Jake Kumerow,Jake Kumerow (7147549),NYJ,WR,0.0,0.0,0.0,0.0,3000,CIN,0.0
Geremy,NYG@Dal 04:25PM ET,7147716,Davis,Geremy Davis,Geremy Davis (7147716),DAL,WR,0.0,0.0,0.0,0.0,3000,NYG,0.0
David,Min@Ten 01:00PM ET,7147298,Fluellen,David Fluellen,David Fluellen (7147298),MIN,RB,0.0,0.0,0.0,0.0,3000,TEN,0.0
Bernard,TB@Atl 01:00PM ET,7147481,Reedy,Bernard Reedy,Bernard Reedy (7147481),ATL,WR,0.0,0.0,0.0,0.0,3000,TB,0.0
Jamize,Oak@NO 01:00PM ET,7147347,Olawale,Jamize Olawale,Jamize Olawale (7147347),NO,RB,0.0,1.0,1.0,0.0,3000,OAK,0.0
Paul,Mia@Sea 04:05PM ET,7147691,Richardson,Paul Richardson,Paul Richardson (7147691),MIA,WR,2.96,4.6,6.4435974274,0.0,3000,SEA,0.0
Douglas,Mia@Sea 04:05PM ET,7147692,McNeil III,Douglas McNeil III,Douglas McNeil III (7147692),MIA,WR,0.0,0.0,0.0,0.0,3000,SEA,0.0
Daniel,Buf@Bal 01:00PM ET,7147625,Brown,Daniel Brown,Daniel Brown (7147625),BUF,WR,0.0,0.0,0.0,0.0,3000,BAL,0.0
Reggie,Oak@NO 01:00PM ET,7147569,Bell,Reggie Bell,Reggie Bell (7147569),OAK,WR,0.0,0.0,0.0,0.0,3000,NO,0.0
Isaiah,SD@KC 01:00PM ET,7147599,Burse,Isaiah Burse,Isaiah Burse (7147599),KC,WR,0.0,0.0,0.0,0.0,3000,SD,0.0
Freddie,TB@Atl 01:00PM ET,7147482,Martino,Freddie Martino,Freddie Martino (7147482),ATL,WR,0.0,0.0,0.0,0.0,3000,TB,0.0
Cameron,Chi@Hou 01:00PM ET,7147646,Meredith,Cameron Meredith,Cameron Meredith (7147646),HOU,WR,0.0,0.0,0.0,0.0,3000,CHI,0.0
Antonio,Min@Ten 01:00PM ET,7147300,Andrews,Antonio Andrews,Antonio Andrews (7147300),MIN,RB,0.0,0.0,0.0,0.0,3000,TEN,0.0
Zach,Det@Ind 04:25PM ET,7147448,Zenner,Zach Zenner,Zach Zenner (7147448),IND,RB,4.12,5.6,5.5638244432,0.0,3000,DET,0.0
Kenny,Chi@Hou 01:00PM ET,7147392,Hilliard,Kenny Hilliard,Kenny Hilliard (7147392),CHI,RB,0.0,0.0,0.0,0.0,3000,HOU,0.0
Paul,Cle@Phi 01:00PM ET,7147523,Turner,Paul Turner,Paul Turner (7147523),CLE,WR,0.0,0.0,0.0,0.0,3000,PHI,0.0
Dreamius,SD@KC 01:00PM ET,7147360,Smith,Dreamius Smith,Dreamius Smith (7147360),KC,RB,0.0,0.0,0.0,0.0,3000,SD,0.0
Terron,TB@Atl 01:00PM ET,7147282,Ward,Terron Ward,Terron Ward (7147282),TB,RB,0.0,1.2,1.2,0.0,3000,ATL,0.0
David,Min@Ten 01:00PM ET,7147301,Cobb,David Cobb,David Cobb (7147301),MIN,RB,0.0,0.0,0.0,0.0,3000,TEN,0.0
Blake,Min@Ten 01:00PM ET,7147302,Renaud,Blake Renaud,Blake Renaud (7147302),TEN,RB,0.0,0.0,0.0,0.0,3000,MIN,0.0
Titus,Cin@NYJ 01:00PM ET,7147550,Davis,Titus Davis,Titus Davis (7147550),CIN,WR,0.0,0.0,0.0,0.0,3000,NYJ,0.0
Quan,Det@Ind 04:25PM ET,7147740,Bray,Quan Bray,Quan Bray (7147740),DET,WR,0.0,3.6,3.6,0.0,3000,IND,0.0
Braxton,Chi@Hou 01:00PM ET,7147647,Miller,Braxton Miller,Braxton Miller (7147647),CHI,WR,4.36,5.3,5.53806116468,4.76,3000,HOU,0.0
Tre,Min@Ten 01:00PM ET,7147503,McBride,Tre McBride,Tre McBride (7147503),MIN,WR,0.0,0.0,0.0,0.0,3000,TEN,0.0
Jared,Oak@NO 01:00PM ET,7147571,Dangerfield,Jared Dangerfield,Jared Dangerfield (7147571),OAK,WR,0.0,0.0,0.0,0.0,3000,NO,0.0
Rashawn,Mia@Sea 04:05PM ET,7147694,Scott,Rashawn Scott,Rashawn Scott (7147694),SEA,WR,0.0,0.0,0.0,0.0,3000,MIA,0.0
David,Cle@Phi 01:00PM ET,7147524,Watford,David Watford,David Watford (7147524),CLE,WR,0.0,0.0,0.0,0.0,3000,PHI,0.0
Gary,Buf@Bal 01:00PM ET,7147626,Chambers,Gary Chambers,Gary Chambers (7147626),BAL,WR,0.0,0.0,0.0,0.0,3000,BUF,0.0
Amir,NE@Ari 08:30PM ET,7147764,Carlisle,Amir Carlisle,Amir Carlisle (7147764),NE,WR,0.0,0.0,0.0,0.0,3000,ARI,0.0
Tre,Mia@Sea 04:05PM ET,7147417,Madden,Tre Madden,Tre Madden (7147417),MIA,RB,0.0,0.0,0.0,0.0,3000,SEA,0.0
Quenton,Chi@Hou 01:00PM ET,7147648,Bundrage,Quenton Bundrage,Quenton Bundrage (7147648),CHI,WR,0.0,0.0,0.0,0.0,3000,HOU,0.0
Kevin,Min@Ten 01:00PM ET,7147303,Monangai,Kevin Monangai,Kevin Monangai (7147303),TEN,RB,0.0,0.0,0.0,0.0,3000,MIN,0.0
Dezmin,Buf@Bal 01:00PM ET,7147627,Lewis,Dezmin Lewis,Dezmin Lewis (7147627),BAL,WR,0.0,0.0,0.0,0.0,3000,BUF,0.0
Gus,TB@Atl 01:00PM ET,7147284,Johnson,Gus Johnson,Gus Johnson (7147284),TB,RB,0.0,0.0,0.0,0.0,3000,ATL,0.0
Adam,TB@Atl 01:00PM ET,7147484,Humphries,Adam Humphries,Adam Humphries (7147484),ATL,WR,6.64,1.2,8.30042421151,0.0,3000,TB,0.0
Charone,Cin@NYJ 01:00PM ET,7147551,Peake,Charone Peake,Charone Peake (7147551),CIN,WR,0.0,1.8,1.8,0.0,3000,NYJ,0.0
Tyler,Chi@Hou 01:00PM ET,7147394,Ervin,Tyler Ervin,Tyler Ervin (7147394),CHI,RB,0.0,3.4,3.4,0.0,3000,HOU,0.0
Xavier,Cle@Phi 01:00PM ET,7147525,Rush,Xavier Rush,Xavier Rush (7147525),CLE,WR,0.0,0.0,0.0,0.0,3000,PHI,0.0
Bronson,Cin@NYJ 01:00PM ET,7147332,Hill,Bronson Hill,Bronson Hill (7147332),NYJ,RB,0.0,0.0,0.0,0.0,3000,CIN,0.0
Jamal,GB@Jax 01:00PM ET,7147672,Robinson,Jamal Robinson,Jamal Robinson (7147672),GB,WR,0.0,0.0,0.0,0.0,3000,JAX,0.0
Jaxon,NE@Ari 08:30PM ET,7147765,Shipley,Jaxon Shipley,Jaxon Shipley (7147765),NE,WR,0.0,0.0,0.0,0.0,3000,ARI,0.0
Deshon,Mia@Sea 04:05PM ET,7147696,Foxx,Deshon Foxx,Deshon Foxx (7147696),MIA,WR,0.0,0.0,0.0,0.0,3000,SEA,0.0
Marken,Min@Ten 01:00PM ET,7147504,Michel,Marken Michel,Marken Michel (7147504),TEN,WR,0.0,0.0,0.0,0.0,3000,MIN,0.0
K.J.,Oak@NO 01:00PM ET,7147572,Brent,K.J. Brent,K.J. Brent (7147572),NO,WR,0.0,0.0,0.0,0.0,3000,OAK,0.0
Tanner,Mia@Sea 04:05PM ET,7147697,McEvoy,Tanner McEvoy,Tanner McEvoy (7147697),MIA,WR,0.0,0.0,0.0,0.0,3000,SEA,0.0
Brandon,TB@Atl 01:00PM ET,7147285,Wilds,Brandon Wilds,Brandon Wilds (7147285),TB,RB,0.0,0.0,0.0,0.0,3000,ATL,0.0
Devin,NE@Ari 08:30PM ET,7147766,Lucien,Devin Lucien,Devin Lucien (7147766),ARI,WR,0.0,0.0,0.0,0.0,3000,NE,0.0
Aaron,GB@Jax 01:00PM ET,7147405,Ripkowski,Aaron Ripkowski,Aaron Ripkowski (7147405),JAX,RB,0.0,0.0,0.0,0.0,3000,GB,0.0
David,TB@Atl 01:00PM ET,7147485,Glidden,David Glidden,David Glidden (7147485),TB,WR,0.0,0.0,0.0,0.0,3000,ATL,0.0
Jakeem,Mia@Sea 04:05PM ET,7147699,Grant,Jakeem Grant,Jakeem Grant (7147699),SEA,WR,0.0,0.0,0.0,0.0,3000,MIA,0.0
James,Buf@Bal 01:00PM ET,7147376,Wilder,James Wilder,James Wilder (7147376),BAL,RB,0.0,0.0,0.0,0.0,3000,BUF,0.0
Marcus,Det@Ind 04:25PM ET,7147742,Leak,Marcus Leak,Marcus Leak (7147742),DET,WR,0.0,0.0,0.0,0.0,3000,IND,0.0
Brandon,GB@Jax 01:00PM ET,7147406,Ross,Brandon Ross,Brandon Ross (7147406),JAX,RB,0.0,0.0,0.0,0.0,3000,GB,0.0
Romar,Cin@NYJ 01:00PM ET,7147333,Morris,Romar Morris,Romar Morris (7147333),CIN,RB,0.0,0.0,0.0,0.0,3000,NYJ,0.0
Darius,Cle@Phi 01:00PM ET,7147526,Jennings,Darius Jennings,Darius Jennings (7147526),PHI,WR,0.0,0.0,0.0,0.0,3000,CLE,0.0
Devin,Cin@NYJ 01:00PM ET,7147552,Smith,Devin Smith,Devin Smith (7147552),CIN,WR,0.0,0.0,0.0,0.0,3000,NYJ,0.0
Evan,TB@Atl 01:00PM ET,7147486,Spencer,Evan Spencer,Evan Spencer (7147486),ATL,WR,0.0,0.0,0.0,0.0,3000,TB,0.0
Brandon,Mia@Sea 04:05PM ET,7147419,Cottom,Brandon Cottom,Brandon Cottom (7147419),MIA,RB,0.0,0.0,0.0,0.0,3000,SEA,0.0
Akeem,Chi@Hou 01:00PM ET,7147395,Hunt,Akeem Hunt,Akeem Hunt (7147395),CHI,RB,0.0,0.0,0.0,0.0,3000,HOU,0.0
Raheem,Cle@Phi 01:00PM ET,7147315,Mostert,Raheem Mostert,Raheem Mostert (7147315),PHI,RB,0.0,0.0,0.0,0.0,3000,CLE,0.0
Derek,SD@KC 01:00PM ET,7147362,Watt,Derek Watt,Derek Watt (7147362),KC,RB,0.0,0.0,0.0,0.0,3000,SD,0.0
Chris,Buf@Bal 01:00PM ET,7147629,Moore,Chris Moore,Chris Moore (7147629),BUF,WR,0.0,1.0,1.0,0.0,3000,BAL,0.0
Elijhaa,NE@Ari 08:30PM ET,7147467,Penny,Elijhaa Penny,Elijhaa Penny (7147467),NE,RB,0.0,0.0,0.0,0.0,3000,ARI,0.0
Andre,TB@Atl 01:00PM ET,7147487,Davis,Andre Davis,Andre Davis (7147487),ATL,WR,0.0,0.0,0.0,0.0,3000,TB,0.0
Malcolm,NE@Ari 08:30PM ET,7147767,Mitchell,Malcolm Mitchell,Malcolm Mitchell (7147767),ARI,WR,0.0,2.5,1.23133569817,0.0,3000,NE,0.0
Marvin,Oak@NO 01:00PM ET,7147573,Hall,Marvin Hall,Marvin Hall (7147573),NO,WR,0.0,0.0,0.0,0.0,3000,OAK,0.0
Chuck,Buf@Bal 01:00PM ET,7147630,Jacobs,Chuck Jacobs,Chuck Jacobs (7147630),BUF,WR,0.0,0.0,0.0,0.0,3000,BAL,0.0
Jeremy,Buf@Bal 01:00PM ET,7147631,Butler,Jeremy Butler,Jeremy Butler (7147631),BUF,WR,0.0,0.0,0.0,0.0,3000,BAL,0.0
Daniel,Oak@NO 01:00PM ET,7147349,Lasco,Daniel Lasco,Daniel Lasco (7147349),OAK,RB,0.0,1.0,1.0,0.0,3000,NO,0.0
Tra,Cin@NYJ 01:00PM ET,7147334,Carson,Tra Carson,Tra Carson (7147334),NYJ,RB,0.0,0.0,0.0,0.0,3000,CIN,0.0
De'Anthony,SD@KC 01:00PM ET,7147601,Thomas,De'Anthony Thomas,De'Anthony Thomas (7147601),SD,WR,0.0,0.0,0.0,0.0,3000,KC,0.0
Bishop,Min@Ten 01:00PM ET,7147304,Sankey,Bishop Sankey,Bishop Sankey (7147304),MIN,RB,0.0,0.0,0.0,0.0,3000,TEN,0.0
Tani,Mia@Sea 04:05PM ET,7147420,Tupou,Tani Tupou,Tani Tupou (7147420),MIA,RB,0.0,0.0,0.0,0.0,3000,SEA,0.0
Kasen,Mia@Sea 04:05PM ET,7147700,Williams,Kasen Williams,Kasen Williams (7147700),MIA,WR,0.0,0.0,0.0,0.0,3000,SEA,0.0
Tommylee,Oak@NO 01:00PM ET,7147575,Lewis,Tommylee Lewis,Tommylee Lewis (7147575),OAK,WR,0.0,0.0,0.0,0.0,3000,NO,0.0
Dominique,SD@KC 01:00PM ET,7147602,Williams,Dominique Williams,Dominique Williams (7147602),KC,WR,0.0,0.0,0.0,0.0,3000,SD,0.0
Jay,Det@Ind 04:25PM ET,7147744,Lee,Jay Lee,Jay Lee (7147744),IND,WR,0.0,0.0,0.0,0.0,3000,DET,0.0
J.D.,TB@Atl 01:00PM ET,7147488,McKissic,J.D. McKissic,J.D. McKissic (7147488),TB,WR,0.0,0.0,0.0,0.0,3000,ATL,0.0
Robby,Cin@NYJ 01:00PM ET,7147553,Anderson,Robby Anderson,Robby Anderson (7147553),CIN,WR,0.0,4.0,4.0,0.0,3000,NYJ,0.0
Will,TB@Atl 01:00PM ET,7147286,Ratelle,Will Ratelle,Will Ratelle (7147286),TB,RB,0.0,0.0,0.0,0.0,3000,ATL,0.0
Stephen,Buf@Bal 01:00PM ET,7147378,Houston,Stephen Houston,Stephen Houston (7147378),BUF,RB,0.0,0.0,0.0,0.0,3000,BAL,0.0
Shane,GB@Jax 01:00PM ET,7147674,Wynn,Shane Wynn,Shane Wynn (7147674),GB,WR,0.0,0.0,0.0,0.0,3000,JAX,0.0
Kenneth,SD@KC 01:00PM ET,7147363,Farrow,Kenneth Farrow,Kenneth Farrow (7147363),KC,RB,0.0,1.3,1.3,0.0,3000,SD,0.0
Darrin,SD@KC 01:00PM ET,7147364,Reaves,Darrin Reaves,Darrin Reaves (7147364),SD,RB,0.0,0.0,0.0,0.0,3000,KC,0.0
Rannell,Cle@Phi 01:00PM ET,7147527,Hall,Rannell Hall,Rannell Hall (7147527),PHI,WR,0.0,0.0,0.0,0.0,3000,CLE,0.0
George,Oak@NO 01:00PM ET,7147350,Atkinson III,George Atkinson III,George Atkinson III (7147350),NO,RB,0.0,0.0,0.0,0.0,3000,OAK,0.0
DeAndre,NE@Ari 08:30PM ET,7147768,Carter,DeAndre Carter,DeAndre Carter (7147768),ARI,WR,0.0,0.0,0.0,0.0,3000,NE,0.0
Andrew,Cin@NYJ 01:00PM ET,7147335,Bonnet,Andrew Bonnet,Andrew Bonnet (7147335),NYJ,RB,0.0,0.0,0.0,0.0,3000,CIN,0.0
Alan,TB@Atl 01:00PM ET,7147287,Cross,Alan Cross,Alan Cross (7147287),ATL,RB,0.0,0.0,0.0,0.0,3000,TB,0.0
Tevin,Chi@Hou 01:00PM ET,7147649,Jones,Tevin Jones,Tevin Jones (7147649),CHI,WR,0.0,0.0,0.0,0.0,3000,HOU,0.0
Chandler,Cin@NYJ 01:00PM ET,7147554,Worthy,Chandler Worthy,Chandler Worthy (7147554),CIN,WR,0.0,0.0,0.0,0.0,3000,NYJ,0.0
Trevor,GB@Jax 01:00PM ET,7147677,Davis,Trevor Davis,Trevor Davis (7147677),JAX,WR,0.0,0.0,0.0,0.0,3000,GB,0.0
Brittan,NE@Ari 08:30PM ET,7147769,Golden,Brittan Golden,Brittan Golden (7147769),NE,WR,0.0,0.0,0.0,0.0,3000,ARI,0.0
Tyrell,SD@KC 01:00PM ET,7147603,Williams,Tyrell Williams,Tyrell Williams (7147603),KC,WR,6.53,3.9,3.49114636281,0.0,3000,SD,0.0
Jhurell,Min@Ten 01:00PM ET,7147305,Pressley,Jhurell Pressley,Jhurell Pressley (7147305),TEN,RB,0.0,0.0,0.0,0.0,3000,MIN,0.0
Kolby,Buf@Bal 01:00PM ET,7147632,Listenbee,Kolby Listenbee,Kolby Listenbee (7147632),BAL,WR,0.0,0.0,0.0,0.0,3000,BUF,0.0
Isaac,Min@Ten 01:00PM ET,7147505,Fruechte,Isaac Fruechte,Isaac Fruechte (7147505),TEN,WR,0.0,0.0,0.0,0.0,3000,MIN,0.0
KJ,NYG@Dal 04:25PM ET,7147718,Maye,KJ Maye,KJ Maye (7147718),DAL,WR,0.0,0.0,0.0,0.0,3000,NYG,0.0
Joe,Oak@NO 01:00PM ET,7147577,Hansley,Joe Hansley,Joe Hansley (7147577),NO,WR,0.0,0.0,0.0,0.0,3000,OAK,0.0
Daniel,Chi@Hou 01:00PM ET,7147650,Braverman,Daniel Braverman,Daniel Braverman (7147650),HOU,WR,0.0,0.0,0.0,0.0,3000,CHI,0.0
Jordan,Oak@NO 01:00PM ET,7147578,Williams-Lambert,Jordan Williams-Lambert,Jordan Williams-Lambert (7147578),OAK,WR,0.0,0.0,0.0,0.0,3000,NO,0.0
Alex,Cin@NYJ 01:00PM ET,7147555,Erickson,Alex Erickson,Alex Erickson (7147555),NYJ,WR,0.0,0.0,0.0,0.0,3000,CIN,0.0
Paul,Chi@Hou 01:00PM ET,7147396,Lasike,Paul Lasike,Paul Lasike (7147396),HOU,RB,0.0,0.0,0.0,0.0,3000,CHI,0.0
D.J.,NE@Ari 08:30PM ET,7147468,Foster,D.J. Foster,D.J. Foster (7147468),ARI,RB,0.0,0.0,0.0,0.0,3000,NE,0.0
Glenn,Buf@Bal 01:00PM ET,7147379,Gronkowski,Glenn Gronkowski,Glenn Gronkowski (7147379),BAL,RB,0.0,0.0,0.0,0.0,3000,BUF,0.0
Zac,Mia@Sea 04:05PM ET,7147421,Brooks,Zac Brooks,Zac Brooks (7147421),MIA,RB,0.0,0.0,0.0,0.0,3000,SEA,0.0
Marshaun,NYG@Dal 04:25PM ET,7147437,Coprich,Marshaun Coprich,Marshaun Coprich (7147437),DAL,RB,0.0,0.0,0.0,0.0,3000,NYG,0.0
Byron,Cle@Phi 01:00PM ET,7147318,Marshall,Byron Marshall,Byron Marshall (7147318),CLE,RB,0.0,0.0,0.0,0.0,3000,PHI,0.0
Russell,TB@Atl 01:00PM ET,7147288,Hansbrough,Russell Hansbrough,Russell Hansbrough (7147288),ATL,RB,0.0,0.0,0.0,0.0,3000,TB,0.0
Cordarrelle,Min@Ten 01:00PM ET,7147507,Patterson,Cordarrelle Patterson,Cordarrelle Patterson (7147507),TEN,WR,0.0,0.0,0.803026341845,0.0,3000,MIN,0.0
Trey,Det@Ind 04:25PM ET,7147451,Williams,Trey Williams,Trey Williams (7147451),DET,RB,0.0,0.0,0.0,0.0,3000,IND,0.0
Chris,NE@Ari 08:30PM ET,7147770,Harper,Chris Harper,Chris Harper (7147770),ARI,WR,0.0,0.0,0.0,0.0,3000,NE,0.0
Kenny,Mia@Sea 04:05PM ET,7147701,Lawler,Kenny Lawler,Kenny Lawler (7147701),MIA,WR,0.0,0.0,0.0,0.0,3000,SEA,0.0
Darius,NYG@Dal 04:25PM ET,7147719,Powe,Darius Powe,Darius Powe (7147719),DAL,WR,0.0,0.0,0.0,0.0,3000,NYG,0.0
Devin,TB@Atl 01:00PM ET,7147489,Fuller,Devin Fuller,Devin Fuller (7147489),TB,WR,0.0,0.0,0.0,0.0,3000,ATL,0.0
Jordan,Cle@Phi 01:00PM ET,7147528,Payton,Jordan Payton,Jordan Payton (7147528),PHI,WR,0.0,0.0,0.0,0.0,3000,CLE,0.0
Damien,Mia@Sea 04:05PM ET,7147422,Williams,Damien Williams,Damien Williams (7147422),SEA,RB,3.21,1.7,0.0,0.0,3000,MIA,0.0
Marcus,Cle@Phi 01:00PM ET,7147530,Johnson,Marcus Johnson,Marcus Johnson (7147530),CLE,WR,0.0,0.0,0.0,0.0,3000,PHI,0.0
Cayleb,Cle@Phi 01:00PM ET,7147531,Jones,Cayleb Jones,Cayleb Jones (7147531),CLE,WR,0.0,0.0,0.0,0.0,3000,PHI,0.0
Max,Oak@NO 01:00PM ET,7147580,McCaffrey,Max McCaffrey,Max McCaffrey (7147580),NO,WR,0.0,0.0,0.0,0.0,3000,OAK,0.0
Herb,GB@Jax 01:00PM ET,7147678,Waters,Herb Waters,Herb Waters (7147678),JAX,WR,0.0,0.0,0.0,0.0,3000,GB,0.0
Quinshad,Det@Ind 04:25PM ET,7147745,Davis,Quinshad Davis,Quinshad Davis (7147745),IND,WR,0.0,0.0,0.0,0.0,3000,DET,0.0
Tevaun,Det@Ind 04:25PM ET,7147746,Smith,Tevaun Smith,Tevaun Smith (7147746),DET,WR,0.0,0.0,0.0,0.0,3000,IND,0.0
Daniel,Det@Ind 04:25PM ET,7147747,Anthrop,Daniel Anthrop,Daniel Anthrop (7147747),DET,WR,0.0,0.0,0.0,0.0,3000,IND,0.0
Brandon,Mia@Sea 04:05PM ET,7147702,Shippen,Brandon Shippen,Brandon Shippen (7147702),SEA,WR,0.0,0.0,0.0,0.0,3000,MIA,0.0
Marquis,NE@Ari 08:30PM ET,7147771,Bundy,Marquis Bundy,Marquis Bundy (7147771),NE,WR,0.0,0.0,0.0,0.0,3000,ARI,0.0
Abou,Det@Ind 04:25PM ET,7147452,Toure,Abou Toure,Abou Toure (7147452),DET,RB,0.0,0.0,0.0,0.0,3000,IND,0.0
Dennis,Cle@Phi 01:00PM ET,7147532,Parks,Dennis Parks,Dennis Parks (7147532),PHI,WR,0.0,0.0,0.0,0.0,3000,CLE,0.0
Jalen,Oak@NO 01:00PM ET,7147351,Richard,Jalen Richard,Jalen Richard (7147351),NO,RB,0.0,0.0,9.22450897966,0.0,3000,OAK,0.0
Mekale,Det@Ind 04:25PM ET,7147748,McKay,Mekale McKay,Mekale McKay (7147748),DET,WR,0.0,0.0,0.0,0.0,3000,IND,0.0
Jonathan,Buf@Bal 01:00PM ET,7147381,Williams,Jonathan Williams,Jonathan Williams (7147381),BAL,RB,0.0,0.0,0.0,0.0,3000,BUF,0.0
Ricardo,Cle@Phi 01:00PM ET,7147533,Louis,Ricardo Louis,Ricardo Louis (7147533),PHI,WR,0.0,0.0,2.11362241365,0.0,3000,CLE,0.0
Darius,NYG@Dal 04:25PM ET,7147439,Jackson,Darius Jackson,Darius Jackson (7147439),NYG,RB,0.0,1.2,1.2,0.0,3000,DAL,0.0
Kenyan,Mia@Sea 04:05PM ET,7147423,Drake,Kenyan Drake,Kenyan Drake (7147423),SEA,RB,0.0,2.6,0.0,0.0,3000,MIA,0.0
Cody,Cin@NYJ 01:00PM ET,7147556,Core,Cody Core,Cody Core (7147556),NYJ,WR,0.0,0.0,0.0,0.0,3000,CIN,0.0
Jaydon,Oak@NO 01:00PM ET,7147581,Mickens,Jaydon Mickens,Jaydon Mickens (7147581),NO,WR,0.0,0.0,0.0,0.0,3000,OAK,0.0
Keenan,Buf@Bal 01:00PM ET,7147634,Reynolds,Keenan Reynolds,Keenan Reynolds (7147634),BUF,WR,0.0,0.0,0.0,0.0,3000,BAL,0.0
Brandon,GB@Jax 01:00PM ET,7147408,Burks,Brandon Burks,Brandon Burks (7147408),JAX,RB,0.0,0.0,0.0,0.0,3000,GB,0.0
Chris,SD@KC 01:00PM ET,7147365,Swain,Chris Swain,Chris Swain (7147365),KC,RB,0.0,0.0,0.0,0.0,3000,SD,0.0
Sione,Oak@NO 01:00PM ET,7147352,Houma,Sione Houma,Sione Houma (7147352),OAK,RB,0.0,0.0,0.0,0.0,3000,NO,0.0
DeAndre,SD@KC 01:00PM ET,7147604,Reaves,DeAndre Reaves,DeAndre Reaves (7147604),KC,WR,0.0,0.0,0.0,0.0,3000,SD,0.0
Alonzo,Cin@NYJ 01:00PM ET,7147557,Russell,Alonzo Russell,Alonzo Russell (7147557),NYJ,WR,0.0,0.0,0.0,0.0,3000,CIN,0.0
Chris,NYG@Dal 04:25PM ET,7147721,Brown,Chris Brown,Chris Brown (7147721),NYG,WR,0.0,0.0,0.0,0.0,3000,DAL,0.0
Ed,NYG@Dal 04:25PM ET,7147722,Eagan,Ed Eagan,Ed Eagan (7147722),NYG,WR,0.0,0.0,0.0,0.0,3000,DAL,0.0
Darrin,Chi@Hou 01:00PM ET,7147651,Peterson,Darrin Peterson,Darrin Peterson (7147651),HOU,WR,0.0,0.0,0.0,0.0,3000,CHI,0.0
Chris,TB@Atl 01:00PM ET,7147490,King,Chris King,Chris King (7147490),TB,WR,0.0,0.0,0.0,0.0,3000,ATL,0.0
Chester,Det@Ind 04:25PM ET,7147749,Rogers,Chester Rogers,Chester Rogers (7147749),DET,WR,0.0,0.0,0.0,0.0,3000,IND,0.0
Chris,NE@Ari 08:30PM ET,7147772,Hubert,Chris Hubert,Chris Hubert (7147772),NE,WR,0.0,0.0,0.0,0.0,3000,ARI,0.0
Tajae,Min@Ten 01:00PM ET,7147509,Sharpe,Tajae Sharpe,Tajae Sharpe (7147509),MIN,WR,11.83,11.3,10.1948195026,7.07,3000,TEN,7.0
Derek,Chi@Hou 01:00PM ET,7147652,Keaton,Derek Keaton,Derek Keaton (7147652),HOU,WR,0.0,0.0,0.0,0.0,3000,CHI,0.0
Andy,NYG@Dal 04:25PM ET,7147723,Jones,Andy Jones,Andy Jones (7147723),NYG,WR,0.0,0.0,0.0,0.0,3000,DAL,0.0
John,GB@Jax 01:00PM ET,7147409,Crockett,John Crockett,John Crockett (7147409),JAX,RB,0.0,0.0,0.0,0.0,3000,GB,0.0
Dwayne,Det@Ind 04:25PM ET,7147453,Washington,Dwayne Washington,Dwayne Washington (7147453),IND,RB,0.0,0.0,0.0,0.0,3000,DET,0.0
Demarcus,SD@KC 01:00PM ET,7147605,Robinson,Demarcus Robinson,Demarcus Robinson (7147605),SD,WR,0.0,0.0,0.0,0.0,3000,KC,0.0
Wendell,Cle@Phi 01:00PM ET,7147320,Smallwood,Wendell Smallwood,Wendell Smallwood (7147320),CLE,RB,0.0,1.6,1.6,3.05,3000,PHI,0.0
Jalin,Cin@NYJ 01:00PM ET,7147558,Marshall,Jalin Marshall,Jalin Marshall (7147558),CIN,WR,0.0,0.0,0.0,0.0,3000,NYJ,0.0
Lucky,NYG@Dal 04:25PM ET,7147724,Whitehead,Lucky Whitehead,Lucky Whitehead (7147724),NYG,WR,0.0,0.0,0.0,0.0,3000,DAL,0.0
Adam,Min@Ten 01:00PM ET,7147510,Thielen,Adam Thielen,Adam Thielen (7147510),TEN,WR,0.0,0.0,1.46594733091,0.0,3000,MIN,0.0
Khiry,Cin@NYJ 01:00PM ET,7147337,Robinson,Khiry Robinson,Khiry Robinson (7147337),CIN,RB,0.0,2.2,2.2,0.0,3000,NYJ,0.0
Rashard,Cle@Phi 01:00PM ET,7147535,Higgins,Rashard Higgins,Rashard Higgins (7147535),PHI,WR,0.0,3.8,3.8,0.0,3000,CLE,0.0
Peyton,TB@Atl 01:00PM ET,7147290,Barber,Peyton Barber,Peyton Barber (7147290),ATL,RB,0.0,0.0,0.0,0.0,3000,TB,0.0
Mario,Cin@NYJ 01:00PM ET,7147560,Alford,Mario Alford,Mario Alford (7147560),NYJ,WR,0.0,0.0,0.0,0.0,3000,CIN,0.0
Johnny,Oak@NO 01:00PM ET,7147583,Holton,Johnny Holton,Johnny Holton (7147583),NO,WR,0.0,0.0,0.0,0.0,3000,OAK,0.0
Vince,NYG@Dal 04:25PM ET,7147725,Mayle,Vince Mayle,Vince Mayle (7147725),NYG,WR,0.0,0.0,0.0,0.0,3000,DAL,0.0
Taylor,Cle@Phi 01:00PM ET,7147536,Gabriel,Taylor Gabriel,Taylor Gabriel (7147536),PHI,WR,0.0,0.0,0.620196263026,0.0,3000,CLE,0.0
Jace,Det@Ind 04:25PM ET,7147750,Billingsley,Jace Billingsley,Jace Billingsley (7147750),IND,WR,0.0,0.0,0.0,0.0,3000,DET,0.0
Kieran,Chi@Hou 01:00PM ET,7147656,Duncan,Kieran Duncan,Kieran Duncan (7147656),HOU,WR,0.0,0.0,0.0,0.0,3000,CHI,0.0
Jake,Oak@NO 01:00PM ET,7147584,Lampman,Jake Lampman,Jake Lampman (7147584),OAK,WR,0.0,0.0,0.0,0.0,3000,NO,0.0
Corey,TB@Atl 01:00PM ET,7147491,Washington,Corey Washington,Corey Washington (7147491),TB,WR,0.0,0.0,0.0,0.0,3000,ATL,0.0
Torrence,SD@KC 01:00PM ET,7147606,Allen,Torrence Allen,Torrence Allen (7147606),KC,WR,0.0,0.0,0.0,0.0,3000,SD,0.0
Geronimo,GB@Jax 01:00PM ET,7147680,Allison,Geronimo Allison,Geronimo Allison (7147680),JAX,WR,0.0,0.0,0.0,0.0,3000,GB,0.0
Roger,NYG@Dal 04:25PM ET,7147726,Lewis,Roger Lewis,Roger Lewis (7147726),DAL,WR,0.0,0.0,0.0,0.0,3000,NYG,0.0
Tyreek,SD@KC 01:00PM ET,7147607,Hill,Tyreek Hill,Tyreek Hill (7147607),SD,WR,0.0,0.0,1.82252667016,0.0,3000,KC,0.0
Antwane,Cin@NYJ 01:00PM ET,7147561,Grant,Antwane Grant,Antwane Grant (7147561),NYJ,WR,0.0,0.0,0.0,0.0,3000,CIN,0.0
Seantavius,SD@KC 01:00PM ET,7147608,Jones,Seantavius Jones,Seantavius Jones (7147608),SD,WR,0.0,0.0,0.0,0.0,3000,KC,0.0
Hunter,Cle@Phi 01:00PM ET,7147537,Sharp,Hunter Sharp,Hunter Sharp (7147537),CLE,WR,0.0,0.0,0.0,0.0,3000,PHI,0.0
Harvey,GB@Jax 01:00PM ET,7147681,Binford,Harvey Binford,Harvey Binford (7147681),JAX,WR,0.0,0.0,0.0,0.0,3000,GB,0.0
Montario,Mia@Sea 04:05PM ET,7147704,Hunter,Montario Hunter,Montario Hunter (7147704),MIA,WR,0.0,0.0,0.0,0.0,3000,SEA,0.0
Rasheed,GB@Jax 01:00PM ET,7147682,Bailey,Rasheed Bailey,Rasheed Bailey (7147682),GB,WR,0.0,0.0,0.0,0.0,3000,JAX,0.0
Joshua,Det@Ind 04:25PM ET,7147751,Stangby,Joshua Stangby,Joshua Stangby (7147751),DET,WR,0.0,0.0,0.0,0.0,3000,IND,0.0
Donteea,TB@Atl 01:00PM ET,7147492,Dye,Donteea Dye,Donteea Dye (7147492),ATL,WR,0.0,0.0,0.0,0.0,3000,TB,0.0
Ben,Min@Ten 01:00PM ET,7147512,Roberts,Ben Roberts,Ben Roberts (7147512),MIN,WR,0.0,0.0,0.0,0.0,3000,TEN,0.0
Anthony,NYG@Dal 04:25PM ET,7147727,Dable,Anthony Dable,Anthony Dable (7147727),DAL,WR,0.0,0.0,0.0,0.0,3000,NYG,0.0
Moritz,Min@Ten 01:00PM ET,7147513,Boehringer,Moritz Boehringer,Moritz Boehringer (7147513),TEN,WR,0.0,0.0,0.0,0.0,3000,MIN,0.0
Cedric,Cle@Phi 01:00PM ET,7147321,O'Neal,Cedric O'Neal,Cedric O'Neal (7147321),CLE,RB,0.0,0.0,0.0,0.0,3000,PHI,0.0
Wendall,Chi@Hou 01:00PM ET,7147657,Williams,Wendall Williams,Wendall Williams (7147657),CHI,WR,0.0,0.0,0.0,0.0,3000,HOU,0.0
Alstevis,GB@Jax 01:00PM ET,7147410,Squirewell,Alstevis Squirewell,Alstevis Squirewell (7147410),JAX,RB,0.0,0.0,0.0,0.0,3000,GB,0.0
C.J.,Min@Ten 01:00PM ET,7147307,Ham,C.J. Ham,C.J. Ham (7147307),TEN,RB,0.0,0.0,0.0,0.0,3000,MIN,0.0
Rashaun,Cin@NYJ 01:00PM ET,7147562,Simonise,Rashaun Simonise,Rashaun Simonise (7147562),NYJ,WR,0.0,0.0,0.0,0.0,3000,CIN,0.0
Franky,NE@Ari 08:30PM ET,7147773,Okafor,Franky Okafor,Franky Okafor (7147773),NE,WR,0.0,0.0,0.0,0.0,3000,ARI,0.0
Jared,GB@Jax 01:00PM ET,7147878,Cook,Jared Cook,Jared Cook (7147878),JAX,TE,11.01,9.5,9.5,6.6,2900,GB,6.0
Larry,NYG@Dal 04:25PM ET,7147902,Donnell,Larry Donnell,Larry Donnell (7147902),DAL,TE,5.71,4.6,4.6,0.0,2900,NYG,0.0
Cameron,TB@Atl 01:00PM ET,7147782,Brate,Cameron Brate,Cameron Brate (7147782),ATL,TE,6.74,5.8,5.8,5.43,2900,TB,0.0
Jacob,TB@Atl 01:00PM ET,7147774,Tamme,Jacob Tamme,Jacob Tamme (7147774),TB,TE,8.68,6.5,6.5,5.82,2800,ATL,0.0
Austin,TB@Atl 01:00PM ET,7147783,Seferian-Jenkins,Austin Seferian-Jenkins,Austin Seferian-Jenkins (7147783),ATL,TE,8.85,5.4,5.4,7.11,2800,TB,0.0
Marcedes,GB@Jax 01:00PM ET,7147877,Lewis,Marcedes Lewis,Marcedes Lewis (7147877),GB,TE,2.39,1.6,1.6,0.0,2700,JAX,0.0
Brent,Cle@Phi 01:00PM ET,7147802,Celek,Brent Celek,Brent Celek (7147802),CLE,TE,6.42,4.6,4.6,0.0,2700,PHI,0.0
Darren,NE@Ari 08:30PM ET,7147926,Fells,Darren Fells,Darren Fells (7147926),NE,TE,5.11,3.8,3.8,0.0,2700,ARI,0.0
Luke,Mia@Sea 04:05PM ET,7147891,Willson,Luke Willson,Luke Willson (7147891),MIA,TE,6.93,4.2,4.2,0.0,2700,SEA,0.0
Tyler,Cin@NYJ 01:00PM ET,7147822,Kroft,Tyler Kroft,Tyler Kroft (7147822),NYJ,TE,7.68,8.5,8.5,5.06,2700,CIN,7.0
Jace,Cin@NYJ 01:00PM ET,7147824,Amaro,Jace Amaro,Jace Amaro (7147824),CIN,TE,5.44,0.0,0.0,4.03,2700,NYJ,0.0
Dennis,Buf@Bal 01:00PM ET,7147854,Pitta,Dennis Pitta,Dennis Pitta (7147854),BUF,TE,7.49,7.3,7.3,0.0,2600,BAL,8.0
Mychal,Oak@NO 01:00PM ET,7147831,Rivera,Mychal Rivera,Mychal Rivera (7147831),NO,TE,0.0,4.2,4.2,0.0,2600,OAK,0.0
Ryan,Chi@Hou 01:00PM ET,7147869,Griffin,Ryan Griffin,Ryan Griffin (7147869),CHI,TE,6.88,5.9,5.9,0.0,2600,HOU,0.0
Gavin,NYG@Dal 04:25PM ET,7147904,Escobar,Gavin Escobar,Gavin Escobar (7147904),NYG,TE,2.1,1.5,1.5,0.0,2600,DAL,0.0
Crockett,Buf@Bal 01:00PM ET,7147859,Gillmore,Crockett Gillmore,Crockett Gillmore (7147859),BUF,TE,10.03,4.8,4.8,5.3,2600,BAL,0.0
Maxx,Buf@Bal 01:00PM ET,7147863,Williams,Maxx Williams,Maxx Williams (7147863),BUF,TE,5.58,1.8,1.8,6.49,2600,BAL,0.0
Craig,Min@Ten 01:00PM ET,7147788,Stevens,Craig Stevens,Craig Stevens (7147788),MIN,TE,0.0,0.0,0.0,0.0,2500,TEN,0.0
Clark,Cin@NYJ 01:00PM ET,7147815,Harris,Clark Harris,Clark Harris (7147815),NYJ,TE,0.0,0.0,0.0,0.0,2500,CIN,0.0
Anthony,Min@Ten 01:00PM ET,7147789,Fasano,Anthony Fasano,Anthony Fasano (7147789),MIN,TE,4.02,1.5,1.5,0.0,2500,TEN,0.0
Brandon,Det@Ind 04:25PM ET,7147913,Pettigrew,Brandon Pettigrew,Brandon Pettigrew (7147913),IND,TE,1.76,0.0,0.0,0.0,2500,DET,0.0
Kellen,Cin@NYJ 01:00PM ET,7147816,Davis,Kellen Davis,Kellen Davis (7147816),CIN,TE,2.6,3.8,3.8,3.38,2500,NYJ,0.0
Brandon,TB@Atl 01:00PM ET,7147775,Myers,Brandon Myers,Brandon Myers (7147775),ATL,TE,0.0,0.0,0.0,0.0,2500,TB,0.0
Bear,NE@Ari 08:30PM ET,7147927,Pascoe,Bear Pascoe,Bear Pascoe (7147927),ARI,TE,0.0,0.0,0.0,0.0,2500,NE,0.0
Tony,Chi@Hou 01:00PM ET,7147865,Moeaki,Tony Moeaki,Tony Moeaki (7147865),HOU,TE,0.0,0.0,0.0,0.0,2500,CHI,0.0
Clay,NE@Ari 08:30PM ET,7147928,Harbor,Clay Harbor,Clay Harbor (7147928),ARI,TE,0.0,0.0,0.0,0.0,2500,NE,0.0
Andrew,TB@Atl 01:00PM ET,7147776,DePaola,Andrew DePaola,Andrew DePaola (7147776),ATL,TE,0.0,0.0,0.0,0.0,2500,TB,0.0
Jim,Buf@Bal 01:00PM ET,7147855,Dray,Jim Dray,Jim Dray (7147855),BAL,TE,0.0,1.3,1.3,0.0,2500,BUF,0.0
Rob,Chi@Hou 01:00PM ET,7147866,Housler,Rob Housler,Rob Housler (7147866),HOU,TE,0.0,0.0,0.0,0.0,2500,CHI,0.0
Matthew,Det@Ind 04:25PM ET,7147914,Mulligan,Matthew Mulligan,Matthew Mulligan (7147914),IND,TE,0.0,0.0,0.0,0.0,2500,DET,0.0
Jermaine,NE@Ari 08:30PM ET,7147930,Gresham,Jermaine Gresham,Jermaine Gresham (7147930),NE,TE,2.59,2.8,2.8,0.0,2500,ARI,0.0
Jeff,SD@KC 01:00PM ET,7147841,Cumberland,Jeff Cumberland,Jeff Cumberland (7147841),KC,TE,0.0,0.0,0.0,0.0,2500,SD,0.0
Michael,Oak@NO 01:00PM ET,7147828,Hoomanawanui,Michael Hoomanawanui,Michael Hoomanawanui (7147828),OAK,TE,0.0,1.4,1.4,0.0,2500,NO,0.0
Lee,Oak@NO 01:00PM ET,7147829,Smith,Lee Smith,Lee Smith (7147829),NO,TE,0.0,0.0,0.0,0.0,2500,OAK,0.0
Luke,TB@Atl 01:00PM ET,7147777,Stocker,Luke Stocker,Luke Stocker (7147777),ATL,TE,0.0,0.0,0.0,0.0,2500,TB,0.0
Konrad,Det@Ind 04:25PM ET,7147915,Reuland,Konrad Reuland,Konrad Reuland (7147915),DET,TE,0.0,0.0,0.0,0.0,2500,IND,0.0
Sean,SD@KC 01:00PM ET,7147842,McGrath,Sean McGrath,Sean McGrath (7147842),KC,TE,0.0,0.0,0.0,0.0,2500,SD,0.0
Rhett,Min@Ten 01:00PM ET,7147791,Ellison,Rhett Ellison,Rhett Ellison (7147791),TEN,TE,0.0,1.4,1.4,0.0,2500,MIN,0.0
Ifeanyi,NE@Ari 08:30PM ET,7147932,Momah,Ifeanyi Momah,Ifeanyi Momah (7147932),NE,TE,0.0,0.0,0.0,0.0,2500,ARI,0.0
Emil,Det@Ind 04:25PM ET,7147916,Igwenagu,Emil Igwenagu,Emil Igwenagu (7147916),DET,TE,0.0,0.0,0.0,0.0,2500,IND,0.0
Patrick,Chi@Hou 01:00PM ET,7147867,Scales,Patrick Scales,Patrick Scales (7147867),HOU,TE,0.0,0.0,0.0,0.0,2500,CHI,0.0
Zach,Cin@NYJ 01:00PM ET,7147817,Sudfeld,Zach Sudfeld,Zach Sudfeld (7147817),CIN,TE,0.0,0.0,0.0,0.0,2500,NYJ,0.0
James,NYG@Dal 04:25PM ET,7147903,Hanna,James Hanna,James Hanna (7147903),NYG,TE,0.0,1.7,1.7,0.0,2500,DAL,0.0
Chris,Cle@Phi 01:00PM ET,7147804,Pantale,Chris Pantale,Chris Pantale (7147804),CLE,TE,0.0,0.0,0.0,0.0,2500,PHI,0.0
Beau,Min@Ten 01:00PM ET,7147792,Brinkley,Beau Brinkley,Beau Brinkley (7147792),MIN,TE,0.0,0.0,0.0,0.0,2500,TEN,0.0
Kevin,Min@Ten 01:00PM ET,7147793,McDermott,Kevin McDermott,Kevin McDermott (7147793),TEN,TE,0.0,0.0,0.0,0.0,2500,MIN,0.0
MarQueis,Mia@Sea 04:05PM ET,7147890,Gray,MarQueis Gray,MarQueis Gray (7147890),SEA,TE,0.0,0.0,0.0,0.0,2500,MIA,0.0
Greg,Chi@Hou 01:00PM ET,7147868,Scruggs,Greg Scruggs,Greg Scruggs (7147868),HOU,TE,0.0,0.0,0.0,0.0,2500,CHI,0.0
Chris,Buf@Bal 01:00PM ET,7147857,Gragg,Chris Gragg,Chris Gragg (7147857),BAL,TE,0.0,0.0,0.0,0.0,2500,BUF,0.0
Josh,Oak@NO 01:00PM ET,7147832,Hill,Josh Hill,Josh Hill (7147832),OAK,TE,0.0,2.1,2.1,0.0,2500,NO,0.0
James,SD@KC 01:00PM ET,7147844,Winchester,James Winchester,James Winchester (7147844),SD,TE,0.0,0.0,0.0,0.0,2500,KC,0.0
Jack,Det@Ind 04:25PM ET,7147918,Doyle,Jack Doyle,Jack Doyle (7147918),DET,TE,2.34,3.2,3.2,0.0,2500,IND,0.0
Justin,GB@Jax 01:00PM ET,7147879,Perillo,Justin Perillo,Justin Perillo (7147879),JAX,TE,0.0,0.0,0.0,0.0,2500,GB,0.0
Ryan,Cin@NYJ 01:00PM ET,7147818,Hewitt,Ryan Hewitt,Ryan Hewitt (7147818),NYJ,TE,0.0,0.0,0.0,0.0,2500,CIN,0.0
Levine,TB@Atl 01:00PM ET,7147778,Toilolo,Levine Toilolo,Levine Toilolo (7147778),TB,TE,2.04,0.0,0.0,0.0,2500,ATL,0.0
Matt,Cin@NYJ 01:00PM ET,7147819,Lengel,Matt Lengel,Matt Lengel (7147819),NYJ,TE,0.0,0.0,0.0,0.0,2500,CIN,0.0
Gabe,Oak@NO 01:00PM ET,7147833,Holmes,Gabe Holmes,Gabe Holmes (7147833),NO,TE,0.0,0.0,0.0,0.0,2500,OAK,0.0
D.J.,TB@Atl 01:00PM ET,7147779,Tialavea,D.J. Tialavea,D.J. Tialavea (7147779),TB,TE,0.0,0.0,0.0,0.0,2500,ATL,0.0
Dion,Mia@Sea 04:05PM ET,7147892,Sims,Dion Sims,Dion Sims (7147892),SEA,TE,1.81,1.2,1.2,0.0,2500,MIA,0.0
Blake,Buf@Bal 01:00PM ET,7147858,Annen,Blake Annen,Blake Annen (7147858),BAL,TE,0.0,0.0,0.0,0.0,2500,BUF,0.0
Orson,Det@Ind 04:25PM ET,7147919,Charles,Orson Charles,Orson Charles (7147919),IND,TE,0.0,0.0,0.0,0.0,2500,DET,0.0
Arthur,TB@Atl 01:00PM ET,7147780,Lynch,Arthur Lynch,Arthur Lynch (7147780),TB,TE,0.0,0.0,0.0,0.0,2500,ATL,0.0
Brandon,Cin@NYJ 01:00PM ET,7147821,Bostick,Brandon Bostick,Brandon Bostick (7147821),CIN,TE,0.0,0.0,0.0,0.0,2500,NYJ,0.0
Jerome,Min@Ten 01:00PM ET,7147795,Cunningham,Jerome Cunningham,Jerome Cunningham (7147795),MIN,TE,0.0,0.0,0.0,0.0,2500,TEN,0.0
Nic,GB@Jax 01:00PM ET,7147880,Jacobs,Nic Jacobs,Nic Jacobs (7147880),GB,TE,0.0,0.0,0.0,0.0,2500,JAX,0.0
Brandon,Mia@Sea 04:05PM ET,7147893,Williams,Brandon Williams,Brandon Williams (7147893),MIA,TE,0.0,0.0,0.0,0.0,2500,SEA,0.0
Cooper,Mia@Sea 04:05PM ET,7147894,Helfet,Cooper Helfet,Cooper Helfet (7147894),MIA,TE,0.0,0.0,0.0,0.0,2500,SEA,0.0
Kivon,TB@Atl 01:00PM ET,7147781,Cartwright,Kivon Cartwright,Kivon Cartwright (7147781),ATL,TE,0.0,0.0,0.0,0.0,2500,TB,0.0
Trey,Cle@Phi 01:00PM ET,7147806,Burton,Trey Burton,Trey Burton (7147806),CLE,TE,0.0,2.1,2.1,0.0,2500,PHI,0.0
Gerald,NE@Ari 08:30PM ET,7147933,Christian,Gerald Christian,Gerald Christian (7147933),NE,TE,0.0,0.0,0.0,0.0,2500,ARI,0.0
A.J.,NE@Ari 08:30PM ET,7147934,Derby,A.J. Derby,A.J. Derby (7147934),ARI,TE,0.0,1.5,1.5,0.0,2500,NE,0.0
Erik,Det@Ind 04:25PM ET,7147920,Swoope,Erik Swoope,Erik Swoope (7147920),DET,TE,0.0,0.0,0.0,0.0,2500,IND,0.0
James,SD@KC 01:00PM ET,7147845,O'Shaughnessy,James O'Shaughnessy,James O'Shaughnessy (7147845),SD,TE,0.0,0.0,0.0,0.0,2500,KC,0.0
Colton,Oak@NO 01:00PM ET,7147834,Underwood,Colton Underwood,Colton Underwood (7147834),NO,TE,0.0,0.0,0.0,0.0,2500,OAK,0.0
MyCole,Min@Ten 01:00PM ET,7147796,Pruitt,MyCole Pruitt,MyCole Pruitt (7147796),TEN,TE,0.0,0.0,0.0,0.0,2500,MIN,0.0
Tyler,NYG@Dal 04:25PM ET,7147905,Ott,Tyler Ott,Tyler Ott (7147905),DAL,TE,0.0,0.0,0.0,0.0,2500,NYG,0.0
C.J.,Chi@Hou 01:00PM ET,7147870,Fiedorowicz,C.J. Fiedorowicz,C.J. Fiedorowicz (7147870),CHI,TE,3.32,2.4,2.4,0.0,2500,HOU,0.0
Eric,Chi@Hou 01:00PM ET,7147871,Tomlinson,Eric Tomlinson,Eric Tomlinson (7147871),CHI,TE,0.0,0.0,0.0,0.0,2500,HOU,0.0
Randall,Cle@Phi 01:00PM ET,7147807,Telfer,Randall Telfer,Randall Telfer (7147807),PHI,TE,0.0,0.0,0.0,0.0,2500,CLE,0.0
Asante,SD@KC 01:00PM ET,7147846,Cleveland,Asante Cleveland,Asante Cleveland (7147846),KC,TE,0.0,0.0,0.0,0.0,2500,SD,0.0
Brian,SD@KC 01:00PM ET,7147847,Parker,Brian Parker,Brian Parker (7147847),SD,TE,0.0,0.0,0.0,0.0,2500,KC,0.0
Ronnie,Mia@Sea 04:05PM ET,7147895,Shields,Ronnie Shields,Ronnie Shields (7147895),MIA,TE,0.0,0.0,0.0,0.0,2500,SEA,0.0
Connor,Cle@Phi 01:00PM ET,7147808,Hamlett,Connor Hamlett,Connor Hamlett (7147808),PHI,TE,0.0,0.0,0.0,0.0,2500,CLE,0.0
Casey,GB@Jax 01:00PM ET,7147882,Pierce,Casey Pierce,Casey Pierce (7147882),JAX,TE,0.0,0.0,0.0,0.0,2500,GB,0.0
RaShaun,Oak@NO 01:00PM ET,7147836,Allen,RaShaun Allen,RaShaun Allen (7147836),OAK,TE,0.0,0.0,0.0,0.0,2500,NO,0.0
Chris,Oak@NO 01:00PM ET,7147837,Manhertz,Chris Manhertz,Chris Manhertz (7147837),OAK,TE,0.0,0.0,0.0,0.0,2500,NO,0.0
M.J.,Cle@Phi 01:00PM ET,7147809,McFarland,M.J. McFarland,M.J. McFarland (7147809),CLE,TE,0.0,0.0,0.0,0.0,2500,PHI,0.0
Ben,Det@Ind 04:25PM ET,7147921,McCord,Ben McCord,Ben McCord (7147921),IND,TE,0.0,0.0,0.0,0.0,2500,DET,0.0
Anthony,Chi@Hou 01:00PM ET,7147872,Denham,Anthony Denham,Anthony Denham (7147872),CHI,TE,0.0,0.0,0.0,0.0,2500,HOU,0.0
C.J.,Cin@NYJ 01:00PM ET,7147823,Uzomah,C.J. Uzomah,C.J. Uzomah (7147823),NYJ,TE,2.24,4.2,4.2,0.0,2500,CIN,0.0
Adam,Det@Ind 04:25PM ET,7147922,Fuehne,Adam Fuehne,Adam Fuehne (7147922),IND,TE,0.0,0.0,0.0,0.0,2500,DET,0.0
David,Cle@Phi 01:00PM ET,7147810,Reeves,David Reeves,David Reeves (7147810),PHI,TE,0.0,0.0,0.0,0.0,2500,CLE,0.0
Darren,Buf@Bal 01:00PM ET,7147860,Waller,Darren Waller,Darren Waller (7147860),BUF,TE,0.0,0.0,0.0,0.0,2500,BAL,0.0
Daniel,NE@Ari 08:30PM ET,7147935,Dillon,Daniel Dillon,Daniel Dillon (7147935),NE,TE,0.0,0.0,0.0,0.0,2500,ARI,0.0
Ryan,NYG@Dal 04:25PM ET,7147907,Malleck,Ryan Malleck,Ryan Malleck (7147907),DAL,TE,0.0,0.0,0.0,0.0,2500,NYG,0.0
Ross,SD@KC 01:00PM ET,7147848,Travis,Ross Travis,Ross Travis (7147848),SD,TE,0.0,0.0,0.0,0.0,2500,KC,0.0
Demetrius,SD@KC 01:00PM ET,7147849,Harris,Demetrius Harris,Demetrius Harris (7147849),SD,TE,0.0,0.0,0.0,0.0,2500,KC,0.0
Mitchell,GB@Jax 01:00PM ET,7147883,Henry,Mitchell Henry,Mitchell Henry (7147883),JAX,TE,0.0,0.0,0.0,0.0,2500,GB,0.0
Nick,Buf@Bal 01:00PM ET,7147861,O'Leary,Nick O'Leary,Nick O'Leary (7147861),BAL,TE,0.0,0.0,0.0,0.0,2500,BUF,0.0
Matt,NYG@Dal 04:25PM ET,7147908,LaCosse,Matt LaCosse,Matt LaCosse (7147908),DAL,TE,0.0,0.0,0.0,0.0,2500,NYG,0.0
Nick,Mia@Sea 04:05PM ET,7147896,Vannett,Nick Vannett,Nick Vannett (7147896),MIA,TE,0.0,0.0,0.0,0.0,2500,SEA,0.0
Austin,NYG@Dal 04:25PM ET,7147909,Traylor,Austin Traylor,Austin Traylor (7147909),NYG,TE,0.0,0.0,0.0,0.0,2500,DAL,0.0
Tevin,TB@Atl 01:00PM ET,7147784,Westbrook,Tevin Westbrook,Tevin Westbrook (7147784),ATL,TE,0.0,0.0,0.0,0.0,2500,TB,0.0
Alex,Min@Ten 01:00PM ET,7147797,Ellis,Alex Ellis,Alex Ellis (7147797),MIN,TE,0.0,0.0,0.0,0.0,2500,TEN,0.0
Steven,NE@Ari 08:30PM ET,7147936,Scheu,Steven Scheu,Steven Scheu (7147936),ARI,TE,0.0,0.0,0.0,0.0,2500,NE,0.0
Matt,SD@KC 01:00PM ET,7147850,Weiser,Matt Weiser,Matt Weiser (7147850),KC,TE,0.0,0.0,0.0,0.0,2500,SD,0.0
Stephen,Chi@Hou 01:00PM ET,7147873,Anderson,Stephen Anderson,Stephen Anderson (7147873),CHI,TE,0.0,0.0,0.0,0.0,2500,HOU,0.0
Joshua,TB@Atl 01:00PM ET,7147785,Perkins,Joshua Perkins,Joshua Perkins (7147785),TB,TE,0.0,0.0,0.0,0.0,2500,ATL,0.0
Tim,SD@KC 01:00PM ET,7147851,Semisch,Tim Semisch,Tim Semisch (7147851),KC,TE,0.0,0.0,0.0,0.0,2500,SD,0.0
Darion,Det@Ind 04:25PM ET,7147924,Griswold,Darion Griswold,Darion Griswold (7147924),DET,TE,0.0,0.0,0.0,0.0,2500,IND,0.0
Nick,Buf@Bal 01:00PM ET,7147862,Boyle,Nick Boyle,Nick Boyle (7147862),BUF,TE,0.0,0.0,0.0,0.0,2500,BAL,0.0
Kyle,Min@Ten 01:00PM ET,7147798,Carter,Kyle Carter,Kyle Carter (7147798),TEN,TE,0.0,0.0,0.0,0.0,2500,MIN,0.0
Bryce,NE@Ari 08:30PM ET,7147937,Williams,Bryce Williams,Bryce Williams (7147937),ARI,TE,0.0,0.0,0.0,0.0,2500,NE,0.0
Kennard,GB@Jax 01:00PM ET,7147885,Backman,Kennard Backman,Kennard Backman (7147885),JAX,TE,0.0,0.0,0.0,0.0,2500,GB,0.0
Ben,GB@Jax 01:00PM ET,7147886,Koyack,Ben Koyack,Ben Koyack (7147886),GB,TE,0.0,0.0,0.0,0.0,2500,JAX,0.0
Troy,NE@Ari 08:30PM ET,7147938,Niklas,Troy Niklas,Troy Niklas (7147938),NE,TE,0.0,0.0,0.0,0.0,2500,ARI,0.0
David,Min@Ten 01:00PM ET,7147799,Morgan,David Morgan,David Morgan (7147799),TEN,TE,0.0,0.0,0.0,0.0,2500,MIN,0.0
Phillip,Min@Ten 01:00PM ET,7147800,Supernaw,Phillip Supernaw,Phillip Supernaw (7147800),MIN,TE,0.0,0.0,0.0,0.0,2500,TEN,0.0
Seth,Cle@Phi 01:00PM ET,7147811,DeValve,Seth DeValve,Seth DeValve (7147811),PHI,TE,0.0,0.0,0.0,0.0,2500,CLE,0.0
Gabe,Mia@Sea 04:05PM ET,7147897,Hughes,Gabe Hughes,Gabe Hughes (7147897),SEA,TE,0.0,0.0,0.0,0.0,2500,MIA,0.0
Wes,Cin@NYJ 01:00PM ET,7147825,Saxton,Wes Saxton,Wes Saxton (7147825),CIN,TE,0.0,0.0,0.0,0.0,2500,NYJ,0.0
Dominique,Mia@Sea 04:05PM ET,7147898,Jones,Dominique Jones,Dominique Jones (7147898),SEA,TE,0.0,0.0,0.0,0.0,2500,MIA,0.0
Ben,Chi@Hou 01:00PM ET,7147874,Braunecker,Ben Braunecker,Ben Braunecker (7147874),HOU,TE,0.0,0.0,0.0,0.0,2500,CHI,0.0
Ryan,Oak@NO 01:00PM ET,7147838,O'Malley,Ryan O'Malley,Ryan O'Malley (7147838),NO,TE,0.0,0.0,0.0,0.0,2500,OAK,0.0
Clayton,Mia@Sea 04:05PM ET,7147899,Echard,Clayton Echard,Clayton Echard (7147899),MIA,TE,0.0,0.0,0.0,0.0,2500,SEA,0.0
Hakeem,NE@Ari 08:30PM ET,7147939,Valles,Hakeem Valles,Hakeem Valles (7147939),NE,TE,0.0,0.0,0.0,0.0,2500,ARI,0.0
John,Cle@Phi 01:00PM ET,7147812,DePalma,John DePalma,John DePalma (7147812),CLE,TE,0.0,0.0,0.0,0.0,2500,PHI,0.0
Danny,TB@Atl 01:00PM ET,7147786,Vitale,Danny Vitale,Danny Vitale (7147786),ATL,TE,0.0,0.0,0.0,0.0,2500,TB,0.0
J.P.,Cle@Phi 01:00PM ET,7147813,Holtz,J.P. Holtz,J.P. Holtz (7147813),PHI,TE,0.0,0.0,0.0,0.0,2500,CLE,0.0
Jerell,NYG@Dal 04:25PM ET,7147910,Adams,Jerell Adams,Jerell Adams (7147910),DAL,TE,0.0,0.0,0.0,0.0,2500,NYG,0.0
Brian,Min@Ten 01:00PM ET,7147801,Leonhardt,Brian Leonhardt,Brian Leonhardt (7147801),TEN,TE,0.0,0.0,0.0,0.0,2500,MIN,0.0
Rico,NYG@Dal 04:25PM ET,7147911,Gathers,Rico Gathers,Rico Gathers (7147911),NYG,TE,0.0,0.0,0.0,0.0,2500,DAL,0.0
Garrett,Oak@NO 01:00PM ET,7147839,Griffin,Garrett Griffin,Garrett Griffin (7147839),OAK,TE,0.0,0.0,0.0,0.0,2500,NO,0.0
Cole,Det@Ind 04:25PM ET,7147925,Wick,Cole Wick,Cole Wick (7147925),IND,TE,0.0,0.0,0.0,0.0,2500,DET,0.0
Geoff,NYG@Dal 04:25PM ET,7147912,Swaim,Geoff Swaim,Geoff Swaim (7147912),NYG,TE,0.0,0.0,0.0,0.0,2500,DAL,0.0
E.J.,Cle@Phi 01:00PM ET,7147814,Bibbs,E.J. Bibbs,E.J. Bibbs (7147814),PHI,TE,0.0,0.0,0.0,0.0,2500,CLE,0.0
Austin,TB@Atl 01:00PM ET,7147787,Hooper,Austin Hooper,Austin Hooper (7147787),TB,TE,0.0,3.2,3.2,0.0,2500,ATL,0.0
Hunter,SD@KC 01:00PM ET,7147852,Henry,Hunter Henry,Hunter Henry (7147852),KC,TE,0.0,3.6,3.6,0.0,2500,SD,0.0
Thomas,Mia@Sea 04:05PM ET,7147900,Duarte,Thomas Duarte,Thomas Duarte (7147900),SEA,TE,0.0,0.0,0.0,0.0,2500,MIA,0.0
Gannon,Chi@Hou 01:00PM ET,7147875,Sinclair,Gannon Sinclair,Gannon Sinclair (7147875),HOU,TE,0.0,0.0,0.0,0.0,2500,CHI,0.0
Jason,Cin@NYJ 01:00PM ET,7147826,Vander Laan,Jason Vander Laan,Jason Vander Laan (7147826),CIN,TE,0.0,0.0,0.0,0.0,2500,NYJ,0.0
Braedon,GB@Jax 01:00PM ET,7147887,Bowman,Braedon Bowman,Braedon Bowman (7147887),GB,TE,0.0,0.0,0.0,0.0,2500,JAX,0.0
Khari,Chi@Hou 01:00PM ET,7147876,Lee,Khari Lee,Khari Lee (7147876),HOU,TE,0.0,0.0,0.0,0.0,2500,CHI,0.0
John,Cin@NYJ 01:00PM ET,7147827,Peters,John Peters,John Peters (7147827),NYJ,TE,0.0,0.0,0.0,0.0,2500,CIN,0.0
Seahawks,Mia@Sea 04:05PM ET,7148622,,Seahawks ,Seahawks  (7148622),MIA,DST,10.9,9.4,,8.8,3900,SEA,
Chiefs,SD@KC 01:00PM ET,7148613,,Chiefs ,Chiefs  (7148613),SD,DST,10.16,9.2,,9.09,3600,KC,
Cardinals,NE@Ari 08:30PM ET,7148628,,Cardinals ,Cardinals  (7148628),NE,DST,10.53,9.0,,8.95,3500,ARI,
Jets,Cin@NYJ 01:00PM ET,7148610,,Jets ,Jets  (7148610),CIN,DST,7.75,7.6,,6.6,3400,NYJ,
Eagles,Cle@Phi 01:00PM ET,7148608,,Eagles ,Eagles  (7148608),CLE,DST,8.64,8.0,,8.87,3300,PHI,
Texans,Chi@Hou 01:00PM ET,7148617,,Texans ,Texans  (7148617),CHI,DST,9.41,8.0,,8.34,3200,HOU,
Vikings,Min@Ten 01:00PM ET,7148606,,Vikings ,Vikings  (7148606),TEN,DST,8.85,8.3,,7.94,3100,MIN,
Bengals,Cin@NYJ 01:00PM ET,7148609,,Bengals ,Bengals  (7148609),NYJ,DST,8.54,7.5,,7.47,3000,CIN,
Bills,Buf@Bal 01:00PM ET,7148615,,Bills ,Bills  (7148615),BAL,DST,8.48,6.1,,5.94,2900,BUF,
Patriots,NE@Ari 08:30PM ET,7148627,,Patriots ,Patriots  (7148627),ARI,DST,7.08,6.6,,6.98,2900,NE,
Falcons,TB@Atl 01:00PM ET,7148603,,Falcons ,Falcons  (7148603),TB,DST,6.82,6.4,,6.19,2800,ATL,
Packers,GB@Jax 01:00PM ET,7148619,,Packers ,Packers  (7148619),JAX,DST,9.08,8.1,,8.97,2800,GB,
Colts,Det@Ind 04:25PM ET,7148626,,Colts ,Colts  (7148626),DET,DST,8.65,7.1,,7.12,2700,IND,
Giants,NYG@Dal 04:25PM ET,7148624,,Giants ,Giants  (7148624),DAL,DST,7.3,7.1,,5.3,2700,NYG,
Ravens,Buf@Bal 01:00PM ET,7148616,,Ravens ,Ravens  (7148616),BUF,DST,6.6,5.8,,5.3,2700,BAL,
Titans,Min@Ten 01:00PM ET,7148605,,Titans ,Titans  (7148605),MIN,DST,6.78,7.5,,6.11,2600,TEN,
Buccaneers,TB@Atl 01:00PM ET,7148604,,Buccaneers ,Buccaneers  (7148604),ATL,DST,7.88,7.6,,7.46,2600,TB,
Bears,Chi@Hou 01:00PM ET,7148618,,Bears ,Bears  (7148618),HOU,DST,7.14,5.3,,4.73,2500,CHI,
Cowboys,NYG@Dal 04:25PM ET,7148623,,Cowboys ,Cowboys  (7148623),NYG,DST,6.65,5.4,,6.5,2500,DAL,
Lions,Det@Ind 04:25PM ET,7148625,,Lions ,Lions  (7148625),IND,DST,8.23,6.9,,5.91,2500,DET,
Chargers,SD@KC 01:00PM ET,7148614,,Chargers ,Chargers  (7148614),KC,DST,5.45,5.3,,5.61,2500,SD,
Raiders,Oak@NO 01:00PM ET,7148611,,Raiders ,Raiders  (7148611),NO,DST,5.86,6.5,,6.11,2400,OAK,
Jaguars,GB@Jax 01:00PM ET,7148620,,Jaguars ,Jaguars  (7148620),GB,DST,6.5,6.2,,5.81,2400,JAX,
Browns,Cle@Phi 01:00PM ET,7148607,,Browns ,Browns  (7148607),PHI,DST,7.66,6.9,,6.5,2300,CLE,
Saints,Oak@NO 01:00PM ET,7148612,,Saints ,Saints  (7148612),OAK,DST,6.82,6.8,,7.22,2300,NO,
Dolphins,Mia@Sea 04:05PM ET,7148621,,Dolphins ,Dolphins  (7148621),SEA,DST,5.27,4.9,,5.61,2200,MIA,
