Position,Name + ID, Name, ID, Salary,GameInfo,TeamAbbrev 
WR,Antonio Brown (7451829),Antonio Brown,7451829,9600,Pit@Phi 04:25PM ET,Pit
WR,Odell Beckham Jr. (7451720),Odell Beckham Jr.,7451720,9100,Was@NYG 01:00PM ET,NYG
WR,Dez Bryant (7451840),Dez Bryant,7451840,8400,Chi@Dal 08:30PM ET,Dal
WR,A.J. Green (7451765),A.J. Green,7451765,8100,Den@Cin 01:00PM ET,Cin
WR,Alshon Jeffery (7451844),Alshon Jeffery,7451844,8000,Chi@Dal 08:30PM ET,Chi
QB,Cam Newton (7451539),Cam Newton,7451539,7800,Min@Car 01:00PM ET,Car
RB,David Johnson (7451579),David Johnson,7451579,7700,Ari@Buf 01:00PM ET,Ari
WR,Amari Cooper (7451710),Amari Cooper,7451710,7700,Oak@Ten 01:00PM ET,Oak
QB,Aaron Rodgers (7451525),Aaron Rodgers,7451525,7700,Det@GB 01:00PM ET,GB
QB,Andrew Luck (7451561),Andrew Luck,7451561,7600,SD@Ind 04:25PM ET,Ind
WR,Allen Robinson (7451748),Allen Robinson,7451748,7500,Bal@Jax 01:00PM ET,Jax
RB,DeAngelo Williams (7451675),DeAngelo Williams,7451675,7500,Pit@Phi 04:25PM ET,Pit
WR,Jordy Nelson (7451751),Jordy Nelson,7451751,7400,Det@GB 01:00PM ET,GB
WR,Randall Cobb (7451755),Randall Cobb,7451755,7300,Det@GB 01:00PM ET,GB
RB,C.J. Anderson (7451627),C.J. Anderson,7451627,7300,Den@Cin 01:00PM ET,Den
WR,Brandon Marshall (7451807),Brandon Marshall,7451807,7300,NYJ@KC 04:25PM ET,NYJ
QB,Ben Roethlisberger (7451562),Ben Roethlisberger,7451562,7300,Pit@Phi 04:25PM ET,Pit
QB,Carson Palmer (7451499),Carson Palmer,7451499,7200,Ari@Buf 01:00PM ET,Ari
WR,Kelvin Benjamin (7451779),Kelvin Benjamin,7451779,7200,Min@Car 01:00PM ET,Car
RB,Todd Gurley (7451645),Todd Gurley,7451645,7100,LA@TB 04:05PM ET,LA
QB,Russell Wilson (7451548),Russell Wilson,7451548,7100,SF@Sea 04:05PM ET,Sea
WR,Jordan Matthews (7451831),Jordan Matthews,7451831,7100,Pit@Phi 04:25PM ET,Phi
QB,Eli Manning (7451509),Eli Manning,7451509,7000,Was@NYG 01:00PM ET,NYG
WR,Mike Evans (7451791),Mike Evans,7451791,7000,LA@TB 04:05PM ET,TB
RB,Matt Forte (7451656),Matt Forte,7451656,7000,NYJ@KC 04:25PM ET,NYJ
WR,Larry Fitzgerald (7451692),Larry Fitzgerald,7451692,6900,Ari@Buf 01:00PM ET,Ari
QB,Derek Carr (7451506),Derek Carr,7451506,6900,Oak@Ten 01:00PM ET,Oak
WR,Eric Decker (7451808),Eric Decker,7451808,6900,NYJ@KC 04:25PM ET,NYJ
RB,Ezekiel Elliott (7451690),Ezekiel Elliott,7451690,6900,Chi@Dal 08:30PM ET,Dal
QB,Matthew Stafford (7451526),Matthew Stafford,7451526,6800,Det@GB 01:00PM ET,Det
WR,T.Y. Hilton (7451821),T.Y. Hilton,7451821,6800,SD@Ind 04:25PM ET,Ind
RB,Adrian Peterson (7451631),Adrian Peterson,7451631,6700,Min@Car 01:00PM ET,Min
QB,Philip Rivers (7451559),Philip Rivers,7451559,6700,SD@Ind 04:25PM ET,SD
WR,Donte Moncrief (7451825),Donte Moncrief,7451825,6700,SD@Ind 04:25PM ET,Ind
WR,Jarvis Landry (7451730),Jarvis Landry,7451730,6600,Cle@Mia 01:00PM ET,Mia
RB,LeSean McCoy (7451575),LeSean McCoy,7451575,6500,Ari@Buf 01:00PM ET,Buf
TE,Jordan Reed (7451866),Jordan Reed,7451866,6500,Was@NYG 01:00PM ET,Was
QB,Blake Bortles (7451522),Blake Bortles,7451522,6500,Bal@Jax 01:00PM ET,Jax
QB,Kirk Cousins (7451512),Kirk Cousins,7451512,6400,Was@NYG 01:00PM ET,Was
WR,Demaryius Thomas (7451764),Demaryius Thomas,7451764,6400,Den@Cin 01:00PM ET,Den
RB,DeMarco Murray (7451581),DeMarco Murray,7451581,6300,Oak@Ten 01:00PM ET,Ten
WR,Doug Baldwin (7451798),Doug Baldwin,7451798,6300,SF@Sea 04:05PM ET,Sea
QB,Ryan Tannehill (7451517),Ryan Tannehill,7451517,6200,Cle@Mia 01:00PM ET,Mia
WR,Marvin Jones Jr. (7451754),Marvin Jones Jr.,7451754,6200,Det@GB 01:00PM ET,Det
WR,Sammy Watkins (7451702),Sammy Watkins,7451702,6100,Ari@Buf 01:00PM ET,Buf
QB,Joe Flacco (7451519),Joe Flacco,7451519,6100,Bal@Jax 01:00PM ET,Bal
RB,Eddie Lacy (7451617),Eddie Lacy,7451617,6100,Det@GB 01:00PM ET,GB
WR,Michael Crabtree (7451705),Michael Crabtree,7451705,6000,Oak@Ten 01:00PM ET,Oak
WR,Emmanuel Sanders (7451763),Emmanuel Sanders,7451763,6000,Den@Cin 01:00PM ET,Den
QB,Jameis Winston (7451544),Jameis Winston,7451544,6000,LA@TB 04:05PM ET,TB
WR,Jeremy Maclin (7451809),Jeremy Maclin,7451809,6000,NYJ@KC 04:25PM ET,KC
QB,Tony Romo (7451568),Tony Romo,7451568,6000,Chi@Dal 08:30PM ET,Dal
QB,Marcus Mariota (7451508),Marcus Mariota,7451508,5900,Oak@Ten 01:00PM ET,Ten
WR,DeSean Jackson (7451715),DeSean Jackson,7451715,5900,Was@NYG 01:00PM ET,Was
WR,Golden Tate (7451753),Golden Tate,7451753,5900,Det@GB 01:00PM ET,Det
QB,Ryan Fitzpatrick (7451551),Ryan Fitzpatrick,7451551,5900,NYJ@KC 04:25PM ET,NYJ
QB,Tyrod Taylor (7451501),Tyrod Taylor,7451501,5800,Ari@Buf 01:00PM ET,Buf
WR,Michael Floyd (7451695),Michael Floyd,7451695,5800,Ari@Buf 01:00PM ET,Ari
TE,Greg Olsen (7451898),Greg Olsen,7451898,5800,Min@Car 01:00PM ET,Car
QB,Alex Smith (7451552),Alex Smith,7451552,5800,NYJ@KC 04:25PM ET,KC
RB,Melvin Gordon (7451671),Melvin Gordon,7451671,5800,SD@Ind 04:25PM ET,SD
RB,Ryan Mathews (7451676),Ryan Mathews,7451676,5800,Pit@Phi 04:25PM ET,Phi
RB,Latavius Murray (7451583),Latavius Murray,7451583,5700,Oak@Ten 01:00PM ET,Oak
QB,Andy Dalton (7451529),Andy Dalton,7451529,5700,Den@Cin 01:00PM ET,Cin
RB,Doug Martin (7451640),Doug Martin,7451640,5700,LA@TB 04:05PM ET,TB
RB,Spencer Ware (7451661),Spencer Ware,7451661,5700,NYJ@KC 04:25PM ET,KC
QB,Dak Prescott (7451571),Dak Prescott,7451571,5700,Chi@Dal 08:30PM ET,Dal
QB,Josh McCown (7451515),Josh McCown,7451515,5600,Cle@Mia 01:00PM ET,Cle
RB,T.J. Yeldon (7451614),T.J. Yeldon,7451614,5600,Bal@Jax 01:00PM ET,Jax
RB,Jamaal Charles (7451657),Jamaal Charles,7451657,5600,NYJ@KC 04:25PM ET,KC
QB,Jay Cutler (7451567),Jay Cutler,7451567,5600,Chi@Dal 08:30PM ET,Chi
WR,Sterling Shepard (7451724),Sterling Shepard,7451724,5500,Was@NYG 01:00PM ET,NYG
RB,Arian Foster (7451598),Arian Foster,7451598,5500,Cle@Mia 01:00PM ET,Mia
RB,Thomas Rawls (7451652),Thomas Rawls,7451652,5500,SF@Sea 04:05PM ET,Sea
QB,Carson Wentz (7451566),Carson Wentz,7451566,5500,Pit@Phi 04:25PM ET,Phi
RB,Danny Woodhead (7451666),Danny Woodhead,7451666,5400,SD@Ind 04:25PM ET,SD
WR,Corey Coleman (7451735),Corey Coleman,7451735,5300,Cle@Mia 01:00PM ET,Cle
QB,Sam Bradford (7451538),Sam Bradford,7451538,5300,Min@Car 01:00PM ET,Min
WR,Allen Hurns (7451744),Allen Hurns,7451744,5200,Bal@Jax 01:00PM ET,Jax
WR,Travis Benjamin (7451820),Travis Benjamin,7451820,5200,SD@Ind 04:25PM ET,SD
RB,Jeremy Langford (7451685),Jeremy Langford,7451685,5200,Chi@Dal 08:30PM ET,Chi
RB,Rashad Jennings (7451590),Rashad Jennings,7451590,5100,Was@NYG 01:00PM ET,NYG
QB,Trevor Siemian (7451532),Trevor Siemian,7451532,5100,Den@Cin 01:00PM ET,Den
WR,Stefon Diggs (7451781),Stefon Diggs,7451781,5100,Min@Car 01:00PM ET,Min
QB,Drew Stanton (7451500),Drew Stanton,7451500,5000,Ari@Buf 01:00PM ET,Ari
QB,EJ Manuel (7451502),EJ Manuel,7451502,5000,Ari@Buf 01:00PM ET,Buf
QB,Cardale Jones (7451503),Cardale Jones,7451503,5000,Ari@Buf 01:00PM ET,Buf
QB,Matt Cassel (7451504),Matt Cassel,7451504,5000,Oak@Ten 01:00PM ET,Ten
QB,Matt McGloin (7451505),Matt McGloin,7451505,5000,Oak@Ten 01:00PM ET,Oak
QB,Connor Cook (7451507),Connor Cook,7451507,5000,Oak@Ten 01:00PM ET,Oak
TE,Delanie Walker (7451856),Delanie Walker,7451856,5000,Oak@Ten 01:00PM ET,Ten
QB,Josh Johnson (7451510),Josh Johnson,7451510,5000,Was@NYG 01:00PM ET,NYG
QB,Colt McCoy (7451511),Colt McCoy,7451511,5000,Was@NYG 01:00PM ET,Was
QB,Ryan Nassib (7451513),Ryan Nassib,7451513,5000,Was@NYG 01:00PM ET,NYG
QB,Nate Sudfeld (7451514),Nate Sudfeld,7451514,5000,Was@NYG 01:00PM ET,Was
QB,Matt Moore (7451516),Matt Moore,7451516,5000,Cle@Mia 01:00PM ET,Mia
QB,Cody Kessler (7451518),Cody Kessler,7451518,5000,Cle@Mia 01:00PM ET,Cle
QB,Chad Henne (7451520),Chad Henne,7451520,5000,Bal@Jax 01:00PM ET,Jax
QB,Ryan Mallett (7451521),Ryan Mallett,7451521,5000,Bal@Jax 01:00PM ET,Bal
QB,Brandon Allen (7451523),Brandon Allen,7451523,5000,Bal@Jax 01:00PM ET,Jax
WR,Mike Wallace (7451741),Mike Wallace,7451741,5000,Bal@Jax 01:00PM ET,Bal
QB,Dan Orlovsky (7451524),Dan Orlovsky,7451524,5000,Det@GB 01:00PM ET,Det
QB,Brett Hundley (7451527),Brett Hundley,7451527,5000,Det@GB 01:00PM ET,GB
QB,Joe Callahan (7451528),Joe Callahan,7451528,5000,Det@GB 01:00PM ET,GB
QB,Austin Davis (7451530),Austin Davis,7451530,5000,Den@Cin 01:00PM ET,Den
QB,AJ McCarron (7451531),AJ McCarron,7451531,5000,Den@Cin 01:00PM ET,Cin
QB,Jeff Driskel (7451533),Jeff Driskel,7451533,5000,Den@Cin 01:00PM ET,Cin
QB,Paxton Lynch (7451534),Paxton Lynch,7451534,5000,Den@Cin 01:00PM ET,Den
QB,Derek Anderson (7451535),Derek Anderson,7451535,5000,Min@Car 01:00PM ET,Car
QB,Shaun Hill (7451536),Shaun Hill,7451536,5000,Min@Car 01:00PM ET,Min
QB,Joe Webb (7451537),Joe Webb,7451537,5000,Min@Car 01:00PM ET,Car
QB,Case Keenum (7451540),Case Keenum,7451540,5000,LA@TB 04:05PM ET,LA
QB,Mike Glennon (7451541),Mike Glennon,7451541,5000,LA@TB 04:05PM ET,TB
QB,Ryan Griffin (7451542),Ryan Griffin,7451542,5000,LA@TB 04:05PM ET,TB
QB,Sean Mannion (7451543),Sean Mannion,7451543,5000,LA@TB 04:05PM ET,LA
QB,Jared Goff (7451545),Jared Goff,7451545,5000,LA@TB 04:05PM ET,LA
QB,Colin Kaepernick (7451546),Colin Kaepernick,7451546,5000,SF@Sea 04:05PM ET,SF
QB,Christian Ponder (7451547),Christian Ponder,7451547,5000,SF@Sea 04:05PM ET,SF
QB,Blaine Gabbert (7451549),Blaine Gabbert,7451549,5000,SF@Sea 04:05PM ET,SF
QB,Trevone Boykin (7451550),Trevone Boykin,7451550,5000,SF@Sea 04:05PM ET,Sea
RB,Christine Michael (7451650),Christine Michael,7451650,5000,SF@Sea 04:05PM ET,Sea
QB,Nick Foles (7451553),Nick Foles,7451553,5000,NYJ@KC 04:25PM ET,KC
QB,Bryce Petty (7451554),Bryce Petty,7451554,5000,NYJ@KC 04:25PM ET,NYJ
QB,Geno Smith (7451555),Geno Smith,7451555,5000,NYJ@KC 04:25PM ET,NYJ
QB,Tyler Bray (7451556),Tyler Bray,7451556,5000,NYJ@KC 04:25PM ET,KC
QB,Christian Hackenberg (7451557),Christian Hackenberg,7451557,5000,NYJ@KC 04:25PM ET,NYJ
QB,Kellen Clemens (7451558),Kellen Clemens,7451558,5000,SD@Ind 04:25PM ET,SD
QB,Scott Tolzien (7451560),Scott Tolzien,7451560,5000,SD@Ind 04:25PM ET,Ind
RB,Frank Gore (7451665),Frank Gore,7451665,5000,SD@Ind 04:25PM ET,Ind
QB,Chase Daniel (7451563),Chase Daniel,7451563,5000,Pit@Phi 04:25PM ET,Phi
QB,Landry Jones (7451564),Landry Jones,7451564,5000,Pit@Phi 04:25PM ET,Pit
QB,Zach Mettenberger (7451565),Zach Mettenberger,7451565,5000,Pit@Phi 04:25PM ET,Pit
QB,Brian Hoyer (7451569),Brian Hoyer,7451569,5000,Chi@Dal 08:30PM ET,Chi
QB,Mark Sanchez (7451570),Mark Sanchez,7451570,5000,Chi@Dal 08:30PM ET,Dal
WR,DeVante Parker (7451731),DeVante Parker,7451731,4900,Cle@Mia 01:00PM ET,Mia
RB,Theo Riddick (7451618),Theo Riddick,7451618,4900,Det@GB 01:00PM ET,Det
RB,Charles Sims (7451643),Charles Sims,7451643,4900,LA@TB 04:05PM ET,TB
WR,John Brown (7451697),John Brown,7451697,4800,Ari@Buf 01:00PM ET,Ari
RB,Jonathan Stewart (7451633),Jonathan Stewart,7451633,4800,Min@Car 01:00PM ET,Car
WR,Quincy Enunwa (7451810),Quincy Enunwa,7451810,4800,NYJ@KC 04:25PM ET,NYJ
WR,Tajae Sharpe (7451711),Tajae Sharpe,7451711,4700,Oak@Ten 01:00PM ET,Ten
WR,Victor Cruz (7451714),Victor Cruz,7451714,4700,Was@NYG 01:00PM ET,NYG
RB,Isaiah Crowell (7451602),Isaiah Crowell,7451602,4700,Cle@Mia 01:00PM ET,Cle
TE,Travis Kelce (7451924),Travis Kelce,7451924,4700,NYJ@KC 04:25PM ET,KC
TE,Julius Thomas (7451878),Julius Thomas,7451878,4600,Bal@Jax 01:00PM ET,Jax
RB,Ameer Abdullah (7451621),Ameer Abdullah,7451621,4600,Det@GB 01:00PM ET,Det
TE,Antonio Gates (7451930),Antonio Gates,7451930,4600,SD@Ind 04:25PM ET,SD
WR,Markus Wheaton (7451830),Markus Wheaton,7451830,4600,Pit@Phi 04:25PM ET,Pit
TE,Tyler Eifert (7451894),Tyler Eifert,7451894,4500,Den@Cin 01:00PM ET,Cin
RB,Carlos Hyde (7451651),Carlos Hyde,7451651,4400,SF@Sea 04:05PM ET,SF
WR,Phillip Dorsett (7451824),Phillip Dorsett,7451824,4400,SD@Ind 04:25PM ET,Ind
RB,Giovani Bernard (7451625),Giovani Bernard,7451625,4300,Den@Cin 01:00PM ET,Cin
WR,Torrey Smith (7451797),Torrey Smith,7451797,4300,SF@Sea 04:05PM ET,SF
WR,Tyrell Williams (7451826),Tyrell Williams,7451826,4300,SD@Ind 04:25PM ET,SD
TE,Jason Witten (7451942),Jason Witten,7451942,4300,Chi@Dal 08:30PM ET,Dal
RB,Duke Johnson Jr. (7451605),Duke Johnson Jr.,7451605,4200,Cle@Mia 01:00PM ET,Cle
WR,Anquan Boldin (7451750),Anquan Boldin,7451750,4200,Det@GB 01:00PM ET,Det
WR,Tyler Lockett (7451805),Tyler Lockett,7451805,4200,SF@Sea 04:05PM ET,Sea
RB,Matt Jones (7451597),Matt Jones,7451597,4100,Was@NYG 01:00PM ET,Was
WR,Steve Smith Sr. (7451738),Steve Smith Sr.,7451738,4100,Bal@Jax 01:00PM ET,Bal
WR,Davante Adams (7451758),Davante Adams,7451758,4100,Det@GB 01:00PM ET,GB
WR,Devin Funchess (7451782),Devin Funchess,7451782,4100,Min@Car 01:00PM ET,Car
WR,Tavon Austin (7451789),Tavon Austin,7451789,4100,LA@TB 04:05PM ET,LA
DST,Seahawks  (7452345),Seahawks ,7452345,4100,SF@Sea 04:05PM ET,Sea
RB,Jay Ajayi (7451601),Jay Ajayi,7451601,4000,Cle@Mia 01:00PM ET,Mia
TE,Gary Barnidge (7451869),Gary Barnidge,7451869,4000,Cle@Mia 01:00PM ET,Cle
RB,James Starks (7451616),James Starks,7451616,4000,Det@GB 01:00PM ET,GB
WR,Kevin White (7451847),Kevin White,7451847,4000,Chi@Dal 08:30PM ET,Chi
WR,Pierre Garcon (7451717),Pierre Garcon,7451717,3900,Was@NYG 01:00PM ET,Was
RB,Justin Forsett (7451607),Justin Forsett,7451607,3900,Bal@Jax 01:00PM ET,Bal
RB,Chris Ivory (7451608),Chris Ivory,7451608,3900,Bal@Jax 01:00PM ET,Jax
WR,Vincent Jackson (7451785),Vincent Jackson,7451785,3900,LA@TB 04:05PM ET,TB
WR,Kenny Britt (7451786),Kenny Britt,7451786,3900,LA@TB 04:05PM ET,LA
WR,Eli Rogers (7451834),Eli Rogers,7451834,3900,Pit@Phi 04:25PM ET,Pit
TE,Zach Ertz (7451938),Zach Ertz,7451938,3900,Pit@Phi 04:25PM ET,Phi
WR,Jamison Crowder (7451723),Jamison Crowder,7451723,3800,Was@NYG 01:00PM ET,Was
RB,Fozzy Whittaker (7451634),Fozzy Whittaker,7451634,3800,Min@Car 01:00PM ET,Car
RB,Jerick McKinnon (7451637),Jerick McKinnon,7451637,3800,Min@Car 01:00PM ET,Min
DST,Panthers  (7452341),Panthers ,7452341,3800,Min@Car 01:00PM ET,Car
TE,Dwayne Allen (7451932),Dwayne Allen,7451932,3800,SD@Ind 04:25PM ET,Ind
WR,Sammie Coates (7451833),Sammie Coates,7451833,3800,Pit@Phi 04:25PM ET,Pit
RB,Derrick Henry (7451589),Derrick Henry,7451589,3700,Oak@Ten 01:00PM ET,Ten
RB,Shane Vereen (7451591),Shane Vereen,7451591,3700,Was@NYG 01:00PM ET,NYG
TE,Eric Ebron (7451886),Eric Ebron,7451886,3700,Det@GB 01:00PM ET,Det
RB,Jeremy Hill (7451628),Jeremy Hill,7451628,3700,Den@Cin 01:00PM ET,Cin
WR,Ted Ginn Jr. (7451773),Ted Ginn Jr.,7451773,3700,Min@Car 01:00PM ET,Car
RB,Darren Sproles (7451674),Darren Sproles,7451674,3700,Pit@Phi 04:25PM ET,Phi
RB,Alfred Morris (7451682),Alfred Morris,7451682,3700,Chi@Dal 08:30PM ET,Dal
RB,Andre Ellington (7451576),Andre Ellington,7451576,3600,Ari@Buf 01:00PM ET,Ari
DST,Cardinals  (7452327),Cardinals ,7452327,3600,Ari@Buf 01:00PM ET,Ari
RB,Jalen Richard (7451588),Jalen Richard,7451588,3600,Oak@Ten 01:00PM ET,Oak
RB,Kenyan Drake (7451606),Kenyan Drake,7451606,3600,Cle@Mia 01:00PM ET,Mia
WR,Kenny Stills (7451729),Kenny Stills,7451729,3600,Cle@Mia 01:00PM ET,Mia
RB,Dwayne Washington (7451623),Dwayne Washington,7451623,3600,Det@GB 01:00PM ET,Det
WR,Dontrelle Inman (7451819),Dontrelle Inman,7451819,3600,SD@Ind 04:25PM ET,SD
RB,Chris Johnson (7451574),Chris Johnson,7451574,3500,Ari@Buf 01:00PM ET,Ari
WR,Seth Roberts (7451712),Seth Roberts,7451712,3500,Oak@Ten 01:00PM ET,Oak
RB,Terrance West (7451612),Terrance West,7451612,3500,Bal@Jax 01:00PM ET,Bal
WR,Tyler Boyd (7451772),Tyler Boyd,7451772,3500,Den@Cin 01:00PM ET,Cin
DST,Broncos  (7452339),Broncos ,7452339,3500,Den@Cin 01:00PM ET,Den
RB,Charcandrick West (7451663),Charcandrick West,7451663,3500,NYJ@KC 04:25PM ET,KC
WR,Nelson Agholor (7451837),Nelson Agholor,7451837,3500,Pit@Phi 04:25PM ET,Phi
TE,Jesse James (7451941),Jesse James,7451941,3500,Pit@Phi 04:25PM ET,Pit
WR,Eddie Royal (7451838),Eddie Royal,7451838,3500,Chi@Dal 08:30PM ET,Chi
RB,DeAndre Washington (7451587),DeAndre Washington,7451587,3400,Oak@Ten 01:00PM ET,Oak
WR,Andre Johnson (7451703),Andre Johnson,7451703,3400,Oak@Ten 01:00PM ET,Ten
RB,Chris Thompson (7451593),Chris Thompson,7451593,3400,Was@NYG 01:00PM ET,Was
WR,Terrelle Pryor Sr. (7451727),Terrelle Pryor Sr.,7451727,3400,Cle@Mia 01:00PM ET,Cle
TE,Dennis Pitta (7451876),Dennis Pitta,7451876,3400,Bal@Jax 01:00PM ET,Bal
WR,Brandon LaFell (7451762),Brandon LaFell,7451762,3400,Den@Cin 01:00PM ET,Cin
RB,Benny Cunningham (7451642),Benny Cunningham,7451642,3400,LA@TB 04:05PM ET,LA
RB,Shaun Draughn (7451647),Shaun Draughn,7451647,3400,SF@Sea 04:05PM ET,SF
WR,Jeremy Kerley (7451799),Jeremy Kerley,7451799,3400,SF@Sea 04:05PM ET,SF
WR,Jermaine Kearse (7451800),Jermaine Kearse,7451800,3400,SF@Sea 04:05PM ET,Sea
RB,Bilal Powell (7451659),Bilal Powell,7451659,3400,NYJ@KC 04:25PM ET,NYJ
RB,Mike Gillislee (7451578),Mike Gillislee,7451578,3300,Ari@Buf 01:00PM ET,Buf
WR,Jaron Brown (7451696),Jaron Brown,7451696,3300,Ari@Buf 01:00PM ET,Ari
WR,Rishard Matthews (7451708),Rishard Matthews,7451708,3300,Oak@Ten 01:00PM ET,Ten
DST,Giants  (7452330),Giants ,7452330,3300,Was@NYG 01:00PM ET,NYG
RB,C.J. Prosise (7451654),C.J. Prosise,7451654,3300,SF@Sea 04:05PM ET,Sea
RB,Jordan Howard (7451691),Jordan Howard,7451691,3300,Chi@Dal 08:30PM ET,Chi
WR,Terrance Williams (7451842),Terrance Williams,7451842,3300,Chi@Dal 08:30PM ET,Dal
RB,Reggie Bush (7451572),Reggie Bush,7451572,3200,Ari@Buf 01:00PM ET,Buf
WR,Robert Woods (7451700),Robert Woods,7451700,3200,Ari@Buf 01:00PM ET,Buf
WR,Jeff Janis (7451760),Jeff Janis,7451760,3200,Det@GB 01:00PM ET,GB
WR,Adam Thielen (7451783),Adam Thielen,7451783,3200,Min@Car 01:00PM ET,Min
DST,Chiefs  (7452346),Chiefs ,7452346,3200,NYJ@KC 04:25PM ET,KC
WR,Darrius Heyward-Bey (7451828),Darrius Heyward-Bey,7451828,3200,Pit@Phi 04:25PM ET,Pit
WR,Dorial Green-Beckham (7451835),Dorial Green-Beckham,7451835,3200,Pit@Phi 04:25PM ET,Phi
WR,Cole Beasley (7451843),Cole Beasley,7451843,3200,Chi@Dal 08:30PM ET,Dal
WR,Kamar Aiken (7451743),Kamar Aiken,7451743,3100,Bal@Jax 01:00PM ET,Bal
WR,Laquon Treadwell (7451784),Laquon Treadwell,7451784,3100,Min@Car 01:00PM ET,Min
TE,Kyle Rudolph (7451902),Kyle Rudolph,7451902,3100,Min@Car 01:00PM ET,Min
DST,Vikings  (7452340),Vikings ,7452340,3100,Min@Car 01:00PM ET,Min
DST,Buccaneers  (7452343),Buccaneers ,7452343,3100,LA@TB 04:05PM ET,TB
WR,Quinton Patton (7451803),Quinton Patton,7451803,3100,SF@Sea 04:05PM ET,SF
WR,Chris Conley (7451812),Chris Conley,7451812,3100,NYJ@KC 04:25PM ET,KC
RB,Ka'Deem Carey (7451687),Ka'Deem Carey,7451687,3100,Chi@Dal 08:30PM ET,Chi
RB,Jerome Felton (7451573),Jerome Felton,7451573,3000,Ari@Buf 01:00PM ET,Buf
RB,Stepfan Taylor (7451577),Stepfan Taylor,7451577,3000,Ari@Buf 01:00PM ET,Ari
RB,Jonathan Williams (7451580),Jonathan Williams,7451580,3000,Ari@Buf 01:00PM ET,Buf
WR,Brandon Tate (7451693),Brandon Tate,7451693,3000,Ari@Buf 01:00PM ET,Buf
WR,Greg Salas (7451694),Greg Salas,7451694,3000,Ari@Buf 01:00PM ET,Buf
WR,Marquise Goodwin (7451698),Marquise Goodwin,7451698,3000,Ari@Buf 01:00PM ET,Buf
WR,Walt Powell (7451699),Walt Powell,7451699,3000,Ari@Buf 01:00PM ET,Buf
WR,J.J. Nelson (7451701),J.J. Nelson,7451701,3000,Ari@Buf 01:00PM ET,Ari
RB,Taiwan Jones (7451582),Taiwan Jones,7451582,3000,Oak@Ten 01:00PM ET,Oak
RB,Jalston Fowler (7451584),Jalston Fowler,7451584,3000,Oak@Ten 01:00PM ET,Ten
RB,Jamize Olawale (7451585),Jamize Olawale,7451585,3000,Oak@Ten 01:00PM ET,Oak
RB,Antonio Andrews (7451586),Antonio Andrews,7451586,3000,Oak@Ten 01:00PM ET,Ten
WR,Harry Douglas (7451704),Harry Douglas,7451704,3000,Oak@Ten 01:00PM ET,Ten
WR,Marc Mariani (7451706),Marc Mariani,7451706,3000,Oak@Ten 01:00PM ET,Ten
WR,Kendall Wright (7451707),Kendall Wright,7451707,3000,Oak@Ten 01:00PM ET,Ten
WR,Andre Holmes (7451709),Andre Holmes,7451709,3000,Oak@Ten 01:00PM ET,Oak
WR,Johnny Holton (7451713),Johnny Holton,7451713,3000,Oak@Ten 01:00PM ET,Oak
RB,Bobby Rainey (7451592),Bobby Rainey,7451592,3000,Was@NYG 01:00PM ET,NYG
RB,Orleans Darkwa (7451594),Orleans Darkwa,7451594,3000,Was@NYG 01:00PM ET,NYG
RB,Rob Kelley (7451595),Rob Kelley,7451595,3000,Was@NYG 01:00PM ET,Was
RB,Paul Perkins (7451596),Paul Perkins,7451596,3000,Was@NYG 01:00PM ET,NYG
WR,Dwayne Harris (7451716),Dwayne Harris,7451716,3000,Was@NYG 01:00PM ET,NYG
WR,Tavarres King (7451718),Tavarres King,7451718,3000,Was@NYG 01:00PM ET,NYG
WR,Ryan Grant (7451719),Ryan Grant,7451719,3000,Was@NYG 01:00PM ET,Was
WR,Josh Doctson (7451721),Josh Doctson,7451721,3000,Was@NYG 01:00PM ET,Was
WR,Rashad Ross (7451722),Rashad Ross,7451722,3000,Was@NYG 01:00PM ET,Was
WR,Roger Lewis (7451725),Roger Lewis,7451725,3000,Was@NYG 01:00PM ET,NYG
RB,Isaiah Pead (7451599),Isaiah Pead,7451599,3000,Cle@Mia 01:00PM ET,Mia
RB,Malcolm Johnson (7451600),Malcolm Johnson,7451600,3000,Cle@Mia 01:00PM ET,Cle
RB,George Atkinson III (7451603),George Atkinson III,7451603,3000,Cle@Mia 01:00PM ET,Cle
RB,Damien Williams (7451604),Damien Williams,7451604,3000,Cle@Mia 01:00PM ET,Mia
WR,Andrew Hawkins (7451726),Andrew Hawkins,7451726,3000,Cle@Mia 01:00PM ET,Cle
WR,Justin Hunter (7451728),Justin Hunter,7451728,3000,Cle@Mia 01:00PM ET,Mia
WR,Jakeem Grant (7451732),Jakeem Grant,7451732,3000,Cle@Mia 01:00PM ET,Mia
WR,Jordan Payton (7451733),Jordan Payton,7451733,3000,Cle@Mia 01:00PM ET,Cle
WR,Ricardo Louis (7451734),Ricardo Louis,7451734,3000,Cle@Mia 01:00PM ET,Cle
WR,Leonte Carroo (7451736),Leonte Carroo,7451736,3000,Cle@Mia 01:00PM ET,Mia
WR,Rashard Higgins (7451737),Rashard Higgins,7451737,3000,Cle@Mia 01:00PM ET,Cle
DST,Dolphins  (7452333),Dolphins ,7452333,3000,Cle@Mia 01:00PM ET,Mia
RB,Kyle Juszczyk (7451609),Kyle Juszczyk,7451609,3000,Bal@Jax 01:00PM ET,Bal
RB,Denard Robinson (7451610),Denard Robinson,7451610,3000,Bal@Jax 01:00PM ET,Jax
RB,Corey Grant (7451611),Corey Grant,7451611,3000,Bal@Jax 01:00PM ET,Jax
RB,Javorius Allen (7451613),Javorius Allen,7451613,3000,Bal@Jax 01:00PM ET,Bal
RB,Kenneth Dixon (7451615),Kenneth Dixon,7451615,3000,Bal@Jax 01:00PM ET,Bal
WR,Devin Hester (7451739),Devin Hester,7451739,3000,Bal@Jax 01:00PM ET,Bal
WR,Bryan Walters (7451740),Bryan Walters,7451740,3000,Bal@Jax 01:00PM ET,Jax
WR,Arrelious Benn (7451742),Arrelious Benn,7451742,3000,Bal@Jax 01:00PM ET,Jax
WR,Marqise Lee (7451745),Marqise Lee,7451745,3000,Bal@Jax 01:00PM ET,Jax
WR,Rashad Greene (7451746),Rashad Greene,7451746,3000,Bal@Jax 01:00PM ET,Jax
WR,Chris Moore (7451747),Chris Moore,7451747,3000,Bal@Jax 01:00PM ET,Bal
WR,Breshad Perriman (7451749),Breshad Perriman,7451749,3000,Bal@Jax 01:00PM ET,Bal
RB,Michael Burton (7451619),Michael Burton,7451619,3000,Det@GB 01:00PM ET,Det
RB,Zach Zenner (7451620),Zach Zenner,7451620,3000,Det@GB 01:00PM ET,Det
RB,Aaron Ripkowski (7451622),Aaron Ripkowski,7451622,3000,Det@GB 01:00PM ET,GB
WR,Andre Roberts (7451752),Andre Roberts,7451752,3000,Det@GB 01:00PM ET,Det
WR,Jared Abbrederis (7451756),Jared Abbrederis,7451756,3000,Det@GB 01:00PM ET,GB
WR,Ty Montgomery (7451757),Ty Montgomery,7451757,3000,Det@GB 01:00PM ET,GB
WR,Trevor Davis (7451759),Trevor Davis,7451759,3000,Det@GB 01:00PM ET,GB
DST,Packers  (7452337),Packers ,7452337,3000,Det@GB 01:00PM ET,GB
RB,Rex Burkhead (7451624),Rex Burkhead,7451624,3000,Den@Cin 01:00PM ET,Cin
RB,Kapri Bibbs (7451626),Kapri Bibbs,7451626,3000,Den@Cin 01:00PM ET,Den
RB,Andy Janovich (7451629),Andy Janovich,7451629,3000,Den@Cin 01:00PM ET,Den
RB,Devontae Booker (7451630),Devontae Booker,7451630,3000,Den@Cin 01:00PM ET,Den
WR,Jordan Norwood (7451761),Jordan Norwood,7451761,3000,Den@Cin 01:00PM ET,Den
WR,Bennie Fowler (7451766),Bennie Fowler,7451766,3000,Den@Cin 01:00PM ET,Den
WR,James Wright (7451767),James Wright,7451767,3000,Den@Cin 01:00PM ET,Cin
WR,Jordan Taylor (7451768),Jordan Taylor,7451768,3000,Den@Cin 01:00PM ET,Den
WR,Cody Latimer (7451769),Cody Latimer,7451769,3000,Den@Cin 01:00PM ET,Den
WR,Alex Erickson (7451770),Alex Erickson,7451770,3000,Den@Cin 01:00PM ET,Cin
WR,Cody Core (7451771),Cody Core,7451771,3000,Den@Cin 01:00PM ET,Cin
TE,Virgil Green (7451891),Virgil Green,7451891,3000,Den@Cin 01:00PM ET,Den
RB,Mike Tolbert (7451632),Mike Tolbert,7451632,3000,Min@Car 01:00PM ET,Car
RB,Matt Asiata (7451635),Matt Asiata,7451635,3000,Min@Car 01:00PM ET,Min
RB,Zach Line (7451636),Zach Line,7451636,3000,Min@Car 01:00PM ET,Min
RB,Cameron Artis-Payne (7451638),Cameron Artis-Payne,7451638,3000,Min@Car 01:00PM ET,Car
WR,Charles Johnson (7451774),Charles Johnson,7451774,3000,Min@Car 01:00PM ET,Min
WR,Brenton Bersin (7451775),Brenton Bersin,7451775,3000,Min@Car 01:00PM ET,Car
WR,Jarius Wright (7451776),Jarius Wright,7451776,3000,Min@Car 01:00PM ET,Min
WR,Corey Brown (7451777),Corey Brown,7451777,3000,Min@Car 01:00PM ET,Car
WR,Damiere Byrd (7451778),Damiere Byrd,7451778,3000,Min@Car 01:00PM ET,Car
WR,Cordarrelle Patterson (7451780),Cordarrelle Patterson,7451780,3000,Min@Car 01:00PM ET,Min
RB,Chase Reynolds (7451639),Chase Reynolds,7451639,3000,LA@TB 04:05PM ET,LA
RB,Jacquizz Rodgers (7451641),Jacquizz Rodgers,7451641,3000,LA@TB 04:05PM ET,TB
RB,Malcolm Brown (7451644),Malcolm Brown,7451644,3000,LA@TB 04:05PM ET,LA
RB,Peyton Barber (7451646),Peyton Barber,7451646,3000,LA@TB 04:05PM ET,TB
WR,Brian Quick (7451787),Brian Quick,7451787,3000,LA@TB 04:05PM ET,LA
WR,Russell Shepard (7451788),Russell Shepard,7451788,3000,LA@TB 04:05PM ET,TB
WR,Cecil Shorts III (7451790),Cecil Shorts III,7451790,3000,LA@TB 04:05PM ET,TB
WR,Adam Humphries (7451792),Adam Humphries,7451792,3000,LA@TB 04:05PM ET,TB
WR,Bradley Marquez (7451793),Bradley Marquez,7451793,3000,LA@TB 04:05PM ET,LA
WR,Nelson Spruce (7451794),Nelson Spruce,7451794,3000,LA@TB 04:05PM ET,LA
WR,Pharoh Cooper (7451795),Pharoh Cooper,7451795,3000,LA@TB 04:05PM ET,LA
WR,Mike Thomas (7451796),Mike Thomas,7451796,3000,LA@TB 04:05PM ET,LA
DST,Rams  (7452342),Rams ,7452342,3000,LA@TB 04:05PM ET,LA
RB,DuJuan Harris (7451648),DuJuan Harris,7451648,3000,SF@Sea 04:05PM ET,SF
RB,Will Tukuafu (7451649),Will Tukuafu,7451649,3000,SF@Sea 04:05PM ET,Sea
RB,Mike Davis (7451653),Mike Davis,7451653,3000,SF@Sea 04:05PM ET,SF
RB,Alex Collins (7451655),Alex Collins,7451655,3000,SF@Sea 04:05PM ET,Sea
WR,Rod Streater (7451801),Rod Streater,7451801,3000,SF@Sea 04:05PM ET,SF
WR,Paul Richardson (7451802),Paul Richardson,7451802,3000,SF@Sea 04:05PM ET,Sea
WR,Tanner McEvoy (7451804),Tanner McEvoy,7451804,3000,SF@Sea 04:05PM ET,Sea
WR,Aaron Burbridge (7451806),Aaron Burbridge,7451806,3000,SF@Sea 04:05PM ET,SF
TE,Jimmy Graham (7451915),Jimmy Graham,7451915,3000,SF@Sea 04:05PM ET,Sea
RB,Anthony Sherman (7451658),Anthony Sherman,7451658,3000,NYJ@KC 04:25PM ET,KC
RB,Knile Davis (7451660),Knile Davis,7451660,3000,NYJ@KC 04:25PM ET,KC
RB,Troymaine Pope (7451662),Troymaine Pope,7451662,3000,NYJ@KC 04:25PM ET,NYJ
RB,Julian Howsare (7451664),Julian Howsare,7451664,3000,NYJ@KC 04:25PM ET,NYJ
WR,Albert Wilson (7451811),Albert Wilson,7451811,3000,NYJ@KC 04:25PM ET,KC
WR,Charone Peake (7451813),Charone Peake,7451813,3000,NYJ@KC 04:25PM ET,NYJ
WR,De'Anthony Thomas (7451814),De'Anthony Thomas,7451814,3000,NYJ@KC 04:25PM ET,KC
WR,Robby Anderson (7451815),Robby Anderson,7451815,3000,NYJ@KC 04:25PM ET,NYJ
WR,Demarcus Robinson (7451816),Demarcus Robinson,7451816,3000,NYJ@KC 04:25PM ET,KC
WR,Jalin Marshall (7451817),Jalin Marshall,7451817,3000,NYJ@KC 04:25PM ET,NYJ
WR,Tyreek Hill (7451818),Tyreek Hill,7451818,3000,NYJ@KC 04:25PM ET,KC
RB,Robert Turbin (7451667),Robert Turbin,7451667,3000,SD@Ind 04:25PM ET,Ind
RB,Jordan Todman (7451668),Jordan Todman,7451668,3000,SD@Ind 04:25PM ET,Ind
RB,Andre Williams (7451669),Andre Williams,7451669,3000,SD@Ind 04:25PM ET,SD
RB,Josh Ferguson (7451670),Josh Ferguson,7451670,3000,SD@Ind 04:25PM ET,Ind
RB,Derek Watt (7451672),Derek Watt,7451672,3000,SD@Ind 04:25PM ET,SD
RB,Kenneth Farrow (7451673),Kenneth Farrow,7451673,3000,SD@Ind 04:25PM ET,SD
WR,Isaiah Burse (7451822),Isaiah Burse,7451822,3000,SD@Ind 04:25PM ET,SD
WR,Quan Bray (7451823),Quan Bray,7451823,3000,SD@Ind 04:25PM ET,Ind
WR,Chester Rogers (7451827),Chester Rogers,7451827,3000,SD@Ind 04:25PM ET,Ind
RB,Kenjon Barner (7451677),Kenjon Barner,7451677,3000,Pit@Phi 04:25PM ET,Phi
RB,Fitzgerald Toussaint (7451678),Fitzgerald Toussaint,7451678,3000,Pit@Phi 04:25PM ET,Pit
RB,Roosevelt Nix (7451679),Roosevelt Nix,7451679,3000,Pit@Phi 04:25PM ET,Pit
RB,Daryl Richardson (7451680),Daryl Richardson,7451680,3000,Pit@Phi 04:25PM ET,Pit
RB,Wendell Smallwood (7451681),Wendell Smallwood,7451681,3000,Pit@Phi 04:25PM ET,Phi
WR,Josh Huff (7451832),Josh Huff,7451832,3000,Pit@Phi 04:25PM ET,Phi
WR,Bryce Treggs (7451836),Bryce Treggs,7451836,3000,Pit@Phi 04:25PM ET,Phi
RB,Lance Dunbar (7451683),Lance Dunbar,7451683,3000,Chi@Dal 08:30PM ET,Dal
RB,Rod Smith (7451684),Rod Smith,7451684,3000,Chi@Dal 08:30PM ET,Dal
RB,Keith Smith (7451686),Keith Smith,7451686,3000,Chi@Dal 08:30PM ET,Dal
RB,Paul Lasike (7451688),Paul Lasike,7451688,3000,Chi@Dal 08:30PM ET,Chi
RB,Darius Jackson (7451689),Darius Jackson,7451689,3000,Chi@Dal 08:30PM ET,Dal
WR,Deonte Thompson (7451839),Deonte Thompson,7451839,3000,Chi@Dal 08:30PM ET,Chi
WR,Brice Butler (7451841),Brice Butler,7451841,3000,Chi@Dal 08:30PM ET,Dal
WR,Joshua Bellamy (7451845),Joshua Bellamy,7451845,3000,Chi@Dal 08:30PM ET,Chi
WR,Cameron Meredith (7451846),Cameron Meredith,7451846,3000,Chi@Dal 08:30PM ET,Chi
WR,Lucky Whitehead (7451848),Lucky Whitehead,7451848,3000,Chi@Dal 08:30PM ET,Dal
TE,Charles Clay (7451852),Charles Clay,7451852,2900,Ari@Buf 01:00PM ET,Buf
TE,Jordan Cameron (7451870),Jordan Cameron,7451870,2900,Cle@Mia 01:00PM ET,Mia
TE,Jared Cook (7451882),Jared Cook,7451882,2900,Det@GB 01:00PM ET,GB
TE,Austin Seferian-Jenkins (7451912),Austin Seferian-Jenkins,7451912,2900,LA@TB 04:05PM ET,TB
TE,Vance McDonald (7451919),Vance McDonald,7451919,2900,SF@Sea 04:05PM ET,SF
DST,Jets  (7452347),Jets ,7452347,2900,NYJ@KC 04:25PM ET,NYJ
DST,Steelers  (7452351),Steelers ,7452351,2900,Pit@Phi 04:25PM ET,Pit
TE,Zach Miller (7451943),Zach Miller,7451943,2900,Chi@Dal 08:30PM ET,Chi
TE,Clive Walford (7451860),Clive Walford,7451860,2800,Oak@Ten 01:00PM ET,Oak
DST,Bengals  (7452338),Bengals ,7452338,2800,Den@Cin 01:00PM ET,Cin
TE,Brent Celek (7451936),Brent Celek,7451936,2800,Pit@Phi 04:25PM ET,Phi
DST,Eagles  (7452350),Eagles ,7452350,2800,Pit@Phi 04:25PM ET,Phi
DST,Bills  (7452326),Bills ,7452326,2700,Ari@Buf 01:00PM ET,Buf
TE,Vernon Davis (7451863),Vernon Davis,7451863,2700,Was@NYG 01:00PM ET,Was
TE,Larry Donnell (7451864),Larry Donnell,7451864,2700,Was@NYG 01:00PM ET,NYG
TE,Richard Rodgers (7451887),Richard Rodgers,7451887,2700,Det@GB 01:00PM ET,GB
TE,Lance Kendricks (7451908),Lance Kendricks,7451908,2700,LA@TB 04:05PM ET,LA
DST,Bears  (7452352),Bears ,7452352,2700,Chi@Dal 08:30PM ET,Chi
DST,Raiders  (7452329),Raiders ,7452329,2600,Oak@Ten 01:00PM ET,Oak
TE,Will Tye (7451867),Will Tye,7451867,2600,Was@NYG 01:00PM ET,NYG
DST,Jaguars  (7452334),Jaguars ,7452334,2600,Bal@Jax 01:00PM ET,Jax
TE,Darren Fells (7451849),Darren Fells,7451849,2500,Ari@Buf 01:00PM ET,Ari
TE,Jim Dray (7451850),Jim Dray,7451850,2500,Ari@Buf 01:00PM ET,Buf
TE,Jermaine Gresham (7451851),Jermaine Gresham,7451851,2500,Ari@Buf 01:00PM ET,Ari
TE,Nick O'Leary (7451853),Nick O'Leary,7451853,2500,Ari@Buf 01:00PM ET,Buf
TE,Troy Niklas (7451854),Troy Niklas,7451854,2500,Ari@Buf 01:00PM ET,Ari
TE,Anthony Fasano (7451855),Anthony Fasano,7451855,2500,Oak@Ten 01:00PM ET,Ten
TE,Lee Smith (7451857),Lee Smith,7451857,2500,Oak@Ten 01:00PM ET,Oak
TE,Mychal Rivera (7451858),Mychal Rivera,7451858,2500,Oak@Ten 01:00PM ET,Oak
TE,Beau Brinkley (7451859),Beau Brinkley,7451859,2500,Oak@Ten 01:00PM ET,Ten
TE,Jace Amaro (7451861),Jace Amaro,7451861,2500,Oak@Ten 01:00PM ET,Ten
TE,Phillip Supernaw (7451862),Phillip Supernaw,7451862,2500,Oak@Ten 01:00PM ET,Ten
DST,Titans  (7452328),Titans ,7452328,2500,Oak@Ten 01:00PM ET,Ten
TE,Niles Paul (7451865),Niles Paul,7451865,2500,Was@NYG 01:00PM ET,Was
TE,Jerell Adams (7451868),Jerell Adams,7451868,2500,Was@NYG 01:00PM ET,NYG
TE,MarQueis Gray (7451871),MarQueis Gray,7451871,2500,Cle@Mia 01:00PM ET,Mia
TE,Dion Sims (7451872),Dion Sims,7451872,2500,Cle@Mia 01:00PM ET,Mia
TE,Randall Telfer (7451873),Randall Telfer,7451873,2500,Cle@Mia 01:00PM ET,Cle
TE,Seth DeValve (7451874),Seth DeValve,7451874,2500,Cle@Mia 01:00PM ET,Cle
TE,Marcedes Lewis (7451875),Marcedes Lewis,7451875,2500,Bal@Jax 01:00PM ET,Jax
TE,Crockett Gillmore (7451877),Crockett Gillmore,7451877,2500,Bal@Jax 01:00PM ET,Bal
TE,Neal Sterling (7451879),Neal Sterling,7451879,2500,Bal@Jax 01:00PM ET,Jax
TE,Ben Koyack (7451880),Ben Koyack,7451880,2500,Bal@Jax 01:00PM ET,Jax
TE,Maxx Williams (7451881),Maxx Williams,7451881,2500,Bal@Jax 01:00PM ET,Bal
DST,Ravens  (7452335),Ravens ,7452335,2500,Bal@Jax 01:00PM ET,Bal
TE,Andrew Quarless (7451883),Andrew Quarless,7451883,2500,Det@GB 01:00PM ET,Det
TE,Justin Perillo (7451884),Justin Perillo,7451884,2500,Det@GB 01:00PM ET,GB
TE,Orson Charles (7451885),Orson Charles,7451885,2500,Det@GB 01:00PM ET,Det
TE,Cole Wick (7451888),Cole Wick,7451888,2500,Det@GB 01:00PM ET,Det
TE,Khari Lee (7451889),Khari Lee,7451889,2500,Det@GB 01:00PM ET,Det
TE,Clark Harris (7451890),Clark Harris,7451890,2500,Den@Cin 01:00PM ET,Cin
TE,John Phillips (7451892),John Phillips,7451892,2500,Den@Cin 01:00PM ET,Den
TE,Ryan Hewitt (7451893),Ryan Hewitt,7451893,2500,Den@Cin 01:00PM ET,Cin
TE,Tyler Kroft (7451895),Tyler Kroft,7451895,2500,Den@Cin 01:00PM ET,Cin
TE,C.J. Uzomah (7451896),C.J. Uzomah,7451896,2500,Den@Cin 01:00PM ET,Cin
TE,Jeff Heuerman (7451897),Jeff Heuerman,7451897,2500,Den@Cin 01:00PM ET,Den
TE,Ed Dickson (7451899),Ed Dickson,7451899,2500,Min@Car 01:00PM ET,Car
TE,Rhett Ellison (7451900),Rhett Ellison,7451900,2500,Min@Car 01:00PM ET,Min
TE,Kevin McDermott (7451901),Kevin McDermott,7451901,2500,Min@Car 01:00PM ET,Min
TE,MyCole Pruitt (7451903),MyCole Pruitt,7451903,2500,Min@Car 01:00PM ET,Min
TE,Scott Simonson (7451904),Scott Simonson,7451904,2500,Min@Car 01:00PM ET,Car
TE,David Morgan (7451905),David Morgan,7451905,2500,Min@Car 01:00PM ET,Min
TE,Brandon Myers (7451906),Brandon Myers,7451906,2500,LA@TB 04:05PM ET,TB
TE,Andrew DePaola (7451907),Andrew DePaola,7451907,2500,LA@TB 04:05PM ET,TB
TE,Luke Stocker (7451909),Luke Stocker,7451909,2500,LA@TB 04:05PM ET,TB
TE,Cory Harkey (7451910),Cory Harkey,7451910,2500,LA@TB 04:05PM ET,LA
TE,Cameron Brate (7451911),Cameron Brate,7451911,2500,LA@TB 04:05PM ET,TB
TE,Tyler Higbee (7451913),Tyler Higbee,7451913,2500,LA@TB 04:05PM ET,LA
TE,Temarrick Hemingway (7451914),Temarrick Hemingway,7451914,2500,LA@TB 04:05PM ET,LA
TE,Kyle Nelson (7451916),Kyle Nelson,7451916,2500,SF@Sea 04:05PM ET,SF
TE,Garrett Celek (7451917),Garrett Celek,7451917,2500,SF@Sea 04:05PM ET,SF
TE,Luke Willson (7451918),Luke Willson,7451918,2500,SF@Sea 04:05PM ET,Sea
TE,Brandon Williams (7451920),Brandon Williams,7451920,2500,SF@Sea 04:05PM ET,Sea
TE,Blake Bell (7451921),Blake Bell,7451921,2500,SF@Sea 04:05PM ET,SF
TE,Nick Vannett (7451922),Nick Vannett,7451922,2500,SF@Sea 04:05PM ET,Sea
TE,Kellen Davis (7451923),Kellen Davis,7451923,2500,NYJ@KC 04:25PM ET,NYJ
TE,James Winchester (7451925),James Winchester,7451925,2500,NYJ@KC 04:25PM ET,KC
TE,Brandon Bostick (7451926),Brandon Bostick,7451926,2500,NYJ@KC 04:25PM ET,NYJ
TE,James O'Shaughnessy (7451927),James O'Shaughnessy,7451927,2500,NYJ@KC 04:25PM ET,KC
TE,Ross Travis (7451928),Ross Travis,7451928,2500,NYJ@KC 04:25PM ET,KC
TE,Demetrius Harris (7451929),Demetrius Harris,7451929,2500,NYJ@KC 04:25PM ET,KC
TE,Sean McGrath (7451931),Sean McGrath,7451931,2500,SD@Ind 04:25PM ET,SD
TE,Jack Doyle (7451933),Jack Doyle,7451933,2500,SD@Ind 04:25PM ET,Ind
TE,Erik Swoope (7451934),Erik Swoope,7451934,2500,SD@Ind 04:25PM ET,Ind
TE,Hunter Henry (7451935),Hunter Henry,7451935,2500,SD@Ind 04:25PM ET,SD
TE,David Johnson (7451937),David Johnson,7451937,2500,Pit@Phi 04:25PM ET,Pit
TE,Trey Burton (7451939),Trey Burton,7451939,2500,Pit@Phi 04:25PM ET,Phi
TE,Xavier Grimble (7451940),Xavier Grimble,7451940,2500,Pit@Phi 04:25PM ET,Pit
TE,Logan Paulsen (7451944),Logan Paulsen,7451944,2500,Chi@Dal 08:30PM ET,Chi
TE,Patrick Scales (7451945),Patrick Scales,7451945,2500,Chi@Dal 08:30PM ET,Chi
TE,Greg Scruggs (7451946),Greg Scruggs,7451946,2500,Chi@Dal 08:30PM ET,Chi
TE,Gavin Escobar (7451947),Gavin Escobar,7451947,2500,Chi@Dal 08:30PM ET,Dal
TE,Geoff Swaim (7451948),Geoff Swaim,7451948,2500,Chi@Dal 08:30PM ET,Dal
DST,Cowboys  (7452353),Cowboys ,7452353,2500,Chi@Dal 08:30PM ET,Dal
DST,Redskins  (7452331),Redskins ,7452331,2400,Was@NYG 01:00PM ET,Was
DST,Lions  (7452336),Lions ,7452336,2400,Det@GB 01:00PM ET,Det
DST,49ers  (7452344),49ers ,7452344,2400,SF@Sea 04:05PM ET,SF
DST,Colts  (7452348),Colts ,7452348,2400,SD@Ind 04:25PM ET,Ind
DST,Browns  (7452332),Browns ,7452332,2300,Cle@Mia 01:00PM ET,Cle
DST,Chargers  (7452349),Chargers ,7452349,2300,SD@Ind 04:25PM ET,SD