Position,Name + ID, Name, ID, Salary,GameInfo,TeamAbbrev WR,Julio Jones (7147473),Julio Jones,7147473,9400,TB@Atl 01:00PM ET,AtlWR,Odell Beckham (7147717),Odell Beckham,7147717,9300,NYG@Dal 04:25PM ET,NYGWR,DeAndre Hopkins (7147645),DeAndre Hopkins,7147645,8800,Chi@Hou 01:00PM ET,HouQB,Aaron Rodgers (7147242),Aaron Rodgers,7147242,8500,GB@Jax 01:00PM ET,GBWR,Dez Bryant (7147707),Dez Bryant,7147707,8500,NYG@Dal 04:25PM ET,DalWR,A.J. Green (7147544),A.J. Green,7147544,8400,Cin@NYJ 01:00PM ET,CinQB,Andrew Luck (7147267),Andrew Luck,7147267,8300,Det@Ind 04:25PM ET,IndWR,Allen Robinson (7147675),Allen Robinson,7147675,8300,GB@Jax 01:00PM ET,JaxQB,Drew Brees (7147213),Drew Brees,7147213,8100,Oak@NO 01:00PM ET,NOWR,Keenan Allen (7147597),Keenan Allen,7147597,8000,SD@KC 01:00PM ET,SDQB,Russell Wilson (7147252),Russell Wilson,7147252,7900,Mia@Sea 04:05PM ET,SeaWR,Alshon Jeffery (7147639),Alshon Jeffery,7147639,7900,Chi@Hou 01:00PM ET,ChiWR,Brandon Marshall (7147538),Brandon Marshall,7147538,7800,Cin@NYJ 01:00PM ET,NYJWR,Jordy Nelson (7147658),Jordy Nelson,7147658,7700,GB@Jax 01:00PM ET,GBWR,Brandin Cooks (7147574),Brandin Cooks,7147574,7700,Oak@NO 01:00PM ET,NORB,Adrian Peterson (7147291),Adrian Peterson,7147291,7600,Min@Ten 01:00PM ET,MinWR,Randall Cobb (7147661),Randall Cobb,7147661,7600,GB@Jax 01:00PM ET,GBQB,Eli Manning (7147258),Eli Manning,7147258,7500,NYG@Dal 04:25PM ET,NYGWR,T.Y. Hilton (7147734),T.Y. Hilton,7147734,7500,Det@Ind 04:25PM ET,IndRB,David Johnson (7147465),David Johnson,7147465,7500,NE@Ari 08:30PM ET,AriQB,Tom Brady (7147270),Tom Brady,7147270,7400,NE@Ari 08:30PM ET,NETE,Rob Gronkowski (7147931),Rob Gronkowski,7147931,7400,NE@Ari 08:30PM ET,NEWR,Mike Evans (7147483),Mike Evans,7147483,7400,TB@Atl 01:00PM ET,TBWR,Golden Tate (7147732),Golden Tate,7147732,7300,Det@Ind 04:25PM ET,DetQB,Derek Carr (7147216),Derek Carr,7147216,7300,Oak@NO 01:00PM ET,OakRB,Ezekiel Elliott (7147440),Ezekiel Elliott,7147440,7300,NYG@Dal 04:25PM ET,DalQB,Matthew Stafford (7147265),Matthew Stafford,7147265,7200,Det@Ind 04:25PM ET,DetQB,Blake Bortles (7147244),Blake Bortles,7147244,7200,GB@Jax 01:00PM ET,JaxWR,Amari Cooper (7147576),Amari Cooper,7147576,7200,Oak@NO 01:00PM ET,OakQB,Carson Palmer (7147271),Carson Palmer,7147271,7100,NE@Ari 08:30PM ET,AriQB,Matt Ryan (7147183),Matt Ryan,7147183,7100,TB@Atl 01:00PM ET,AtlRB,Jamaal Charles (7147353),Jamaal Charles,7147353,7100,SD@KC 01:00PM ET,KCQB,Philip Rivers (7147221),Philip Rivers,7147221,7000,SD@KC 01:00PM ET,SDRB,Lamar Miller (7147386),Lamar Miller,7147386,7000,Chi@Hou 01:00PM ET,HouQB,Tyrod Taylor (7147232),Tyrod Taylor,7147232,6900,Buf@Bal 01:00PM ET,BufRB,Devonta Freeman (7147283),Devonta Freeman,7147283,6900,TB@Atl 01:00PM ET,AtlWR,Sammy Watkins (7147628),Sammy Watkins,7147628,6900,Buf@Bal 01:00PM ET,BufQB,Tony Romo (7147257),Tony Romo,7147257,6800,NYG@Dal 04:25PM ET,DalQB,Andy Dalton (7147206),Andy Dalton,7147206,6800,Cin@NYJ 01:00PM ET,CinWR,Josh Gordon (7147520),Josh Gordon,7147520,6800,Cle@Phi 01:00PM ET,CleQB,Joe Flacco (7147228),Joe Flacco,7147228,6700,Buf@Bal 01:00PM ET,BalRB,Eddie Lacy (7147402),Eddie Lacy,7147402,6700,GB@Jax 01:00PM ET,GBWR,Jordan Matthews (7147521),Jordan Matthews,7147521,6700,Cle@Phi 01:00PM ET,PhiWR,Eric Decker (7147540),Eric Decker,7147540,6600,Cin@NYJ 01:00PM ET,NYJWR,Doug Baldwin (7147683),Doug Baldwin,7147683,6600,Mia@Sea 04:05PM ET,SeaRB,Mark Ingram (7147344),Mark Ingram,7147344,6600,Oak@NO 01:00PM ET,NOQB,Jameis Winston (7147189),Jameis Winston,7147189,6600,TB@Atl 01:00PM ET,TBQB,Ryan Fitzpatrick (7147205),Ryan Fitzpatrick,7147205,6500,Cin@NYJ 01:00PM ET,NYJQB,Alex Smith (7147220),Alex Smith,7147220,6500,SD@KC 01:00PM ET,KCWR,Jeremy Maclin (7147586),Jeremy Maclin,7147586,6500,SD@KC 01:00PM ET,KCQB,Sam Bradford (7147199),Sam Bradford,7147199,6400,Cle@Phi 01:00PM ET,PhiRB,LeSean McCoy (7147371),LeSean McCoy,7147371,6400,Buf@Bal 01:00PM ET,BufQB,Marcus Mariota (7147195),Marcus Mariota,7147195,6400,Min@Ten 01:00PM ET,TenQB,Jay Cutler (7147235),Jay Cutler,7147235,6300,Chi@Hou 01:00PM ET,ChiWR,Larry Fitzgerald (7147754),Larry Fitzgerald,7147754,6300,NE@Ari 08:30PM ET,AriQB,Brock Osweiler (7147238),Brock Osweiler,7147238,6300,Chi@Hou 01:00PM ET,HouRB,Doug Martin (7147277),Doug Martin,7147277,6200,TB@Atl 01:00PM ET,TBQB,Jimmy Garoppolo (7147274),Jimmy Garoppolo,7147274,6200,NE@Ari 08:30PM ET,NERB,Matt Forte (7147322),Matt Forte,7147322,6100,Cin@NYJ 01:00PM ET,NYJWR,Julian Edelman (7147756),Julian Edelman,7147756,6100,NE@Ari 08:30PM ET,NEWR,Jarvis Landry (7147693),Jarvis Landry,7147693,6000,Mia@Sea 04:05PM ET,MiaQB,Teddy Bridgewater (7147192),Teddy Bridgewater,7147192,6000,Min@Ten 01:00PM ET,MinRB,Thomas Rawls (7147418),Thomas Rawls,7147418,6000,Mia@Sea 04:05PM ET,SeaWR,Donte Moncrief (7147743),Donte Moncrief,7147743,6000,Det@Ind 04:25PM ET,IndQB,Ryan Tannehill (7147251),Ryan Tannehill,7147251,5900,Mia@Sea 04:05PM ET,MiaWR,Michael Floyd (7147757),Michael Floyd,7147757,5900,NE@Ari 08:30PM ET,AriRB,Arian Foster (7147411),Arian Foster,7147411,5800,Mia@Sea 04:05PM ET,MiaWR,Allen Hurns (7147666),Allen Hurns,7147666,5800,GB@Jax 01:00PM ET,JaxRB,Ryan Mathews (7147310),Ryan Mathews,7147310,5700,Cle@Phi 01:00PM ET,PhiRB,Dion Lewis (7147460),Dion Lewis,7147460,5700,NE@Ari 08:30PM ET,NEQB,Robert Griffin III (7147202),Robert Griffin III,7147202,5600,Cle@Phi 01:00PM ET,CleRB,Latavius Murray (7147345),Latavius Murray,7147345,5600,Oak@NO 01:00PM ET,OakRB,Frank Gore (7147441),Frank Gore,7147441,5500,Det@Ind 04:25PM ET,IndWR,Michael Crabtree (7147564),Michael Crabtree,7147564,5500,Oak@NO 01:00PM ET,OakRB,Rashad Jennings (7147426),Rashad Jennings,7147426,5400,NYG@Dal 04:25PM ET,NYGRB,DeMarco Murray (7147292),DeMarco Murray,7147292,5300,Min@Ten 01:00PM ET,TenWR,DeVante Parker (7147695),DeVante Parker,7147695,5300,Mia@Sea 04:05PM ET,MiaWR,John Brown (7147760),John Brown,7147760,5200,NE@Ari 08:30PM ET,AriWR,Kevin White (7147653),Kevin White,7147653,5200,Chi@Hou 01:00PM ET,ChiWR,Mohamed Sanu (7147475),Mohamed Sanu,7147475,5100,TB@Atl 01:00PM ET,AtlRB,Duke Johnson (7147319),Duke Johnson,7147319,5100,Cle@Phi 01:00PM ET,CleWR,Corey Coleman (7147534),Corey Coleman,7147534,5100,Cle@Phi 01:00PM ET,CleQB,Josh McCown (7147197),Josh McCown,7147197,5000,Cle@Phi 01:00PM ET,CleQB,Matt Cassel (7147190),Matt Cassel,7147190,5000,Min@Ten 01:00PM ET,TenQB,Dan Orlovsky (7147264),Dan Orlovsky,7147264,5000,Det@Ind 04:25PM ET,DetQB,Kellen Clemens (7147219),Kellen Clemens,7147219,5000,SD@KC 01:00PM ET,SDQB,Shaun Hill (7147191),Shaun Hill,7147191,5000,Min@Ten 01:00PM ET,MinQB,Matt Moore (7147250),Matt Moore,7147250,5000,Mia@Sea 04:05PM ET,MiaQB,Drew Stanton (7147272),Drew Stanton,7147272,5000,NE@Ari 08:30PM ET,AriQB,Matt Schaub (7147184),Matt Schaub,7147184,5000,TB@Atl 01:00PM ET,AtlQB,Luke McCown (7147214),Luke McCown,7147214,5000,Oak@NO 01:00PM ET,NOQB,Brian Hoyer (7147236),Brian Hoyer,7147236,5000,Chi@Hou 01:00PM ET,ChiQB,Chad Henne (7147243),Chad Henne,7147243,5000,GB@Jax 01:00PM ET,JaxQB,Josh Johnson (7147229),Josh Johnson,7147229,5000,Buf@Bal 01:00PM ET,BalQB,Chase Daniel (7147198),Chase Daniel,7147198,5000,Cle@Phi 01:00PM ET,PhiQB,Scott Tolzien (7147266),Scott Tolzien,7147266,5000,Det@Ind 04:25PM ET,IndQB,McLeod Bethel-Thompson (7147200),McLeod Bethel-Thompson,7147200,5000,Cle@Phi 01:00PM ET,PhiQB,Jerrod Johnson (7147230),Jerrod Johnson,7147230,5000,Buf@Bal 01:00PM ET,BalRB,Danny Woodhead (7147354),Danny Woodhead,7147354,5000,SD@KC 01:00PM ET,SDQB,Ryan Mallett (7147231),Ryan Mallett,7147231,5000,Buf@Bal 01:00PM ET,BalQB,Kellen Moore (7147259),Kellen Moore,7147259,5000,NYG@Dal 04:25PM ET,DalQB,Brandon Weeden (7147237),Brandon Weeden,7147237,5000,Chi@Hou 01:00PM ET,HouQB,Austin Davis (7147201),Austin Davis,7147201,5000,Cle@Phi 01:00PM ET,CleQB,Nick Foles (7147222),Nick Foles,7147222,5000,SD@KC 01:00PM ET,KCQB,Matt Simms (7147185),Matt Simms,7147185,5000,TB@Atl 01:00PM ET,AtlTE,Travis Kelce (7147843),Travis Kelce,7147843,5000,SD@KC 01:00PM ET,KCQB,EJ Manuel (7147233),EJ Manuel,7147233,5000,Buf@Bal 01:00PM ET,BufQB,Sean Renfree (7147186),Sean Renfree,7147186,5000,TB@Atl 01:00PM ET,AtlQB,Mike Glennon (7147187),Mike Glennon,7147187,5000,TB@Atl 01:00PM ET,TBQB,Ryan Nassib (7147260),Ryan Nassib,7147260,5000,NYG@Dal 04:25PM ET,NYGQB,Ryan Griffin (7147188),Ryan Griffin,7147188,5000,TB@Atl 01:00PM ET,TBQB,Zac Dysert (7147253),Zac Dysert,7147253,5000,Mia@Sea 04:05PM ET,MiaQB,Matt McGloin (7147215),Matt McGloin,7147215,5000,Oak@NO 01:00PM ET,OakQB,Matt Barkley (7147273),Matt Barkley,7147273,5000,NE@Ari 08:30PM ET,AriQB,Zach Mettenberger (7147223),Zach Mettenberger,7147223,5000,SD@KC 01:00PM ET,SDQB,Aaron Murray (7147224),Aaron Murray,7147224,5000,SD@KC 01:00PM ET,KCQB,Bryce Petty (7147207),Bryce Petty,7147207,5000,Cin@NYJ 01:00PM ET,NYJQB,Logan Thomas (7147261),Logan Thomas,7147261,5000,NYG@Dal 04:25PM ET,NYGQB,AJ McCarron (7147208),AJ McCarron,7147208,5000,Cin@NYJ 01:00PM ET,CinQB,Tom Savage (7147239),Tom Savage,7147239,5000,Chi@Hou 01:00PM ET,HouQB,David Fales (7147240),David Fales,7147240,5000,Chi@Hou 01:00PM ET,ChiQB,Geno Smith (7147209),Geno Smith,7147209,5000,Cin@NYJ 01:00PM ET,NYJQB,Stephen Morris (7147268),Stephen Morris,7147268,5000,Det@Ind 04:25PM ET,IndQB,Jake Heaps (7147254),Jake Heaps,7147254,5000,Mia@Sea 04:05PM ET,SeaQB,Garrett Grayson (7147217),Garrett Grayson,7147217,5000,Oak@NO 01:00PM ET,NOQB,Keith Wenning (7147210),Keith Wenning,7147210,5000,Cin@NYJ 01:00PM ET,CinQB,Tyler Bray (7147225),Tyler Bray,7147225,5000,SD@KC 01:00PM ET,KCQB,Connor Shaw (7147241),Connor Shaw,7147241,5000,Chi@Hou 01:00PM ET,ChiQB,Jameill Showers (7147262),Jameill Showers,7147262,5000,NYG@Dal 04:25PM ET,DalQB,Brandon Doughty (7147255),Brandon Doughty,7147255,5000,Mia@Sea 04:05PM ET,MiaQB,Brett Hundley (7147245),Brett Hundley,7147245,5000,GB@Jax 01:00PM ET,GBQB,Dak Prescott (7147263),Dak Prescott,7147263,5000,NYG@Dal 04:25PM ET,DalQB,Cody Kessler (7147203),Cody Kessler,7147203,5000,Cle@Phi 01:00PM ET,CleQB,Max Wittek (7147246),Max Wittek,7147246,5000,GB@Jax 01:00PM ET,JaxQB,Mike Bercovici (7147226),Mike Bercovici,7147226,5000,SD@KC 01:00PM ET,SDQB,Marquise Williams (7147247),Marquise Williams,7147247,5000,GB@Jax 01:00PM ET,GBQB,Joel Stave (7147193),Joel Stave,7147193,5000,Min@Ten 01:00PM ET,MinQB,Kevin Hogan (7147227),Kevin Hogan,7147227,5000,SD@KC 01:00PM ET,KCQB,Taylor Heinicke (7147194),Taylor Heinicke,7147194,5000,Min@Ten 01:00PM ET,MinQB,Trevone Boykin (7147256),Trevone Boykin,7147256,5000,Mia@Sea 04:05PM ET,SeaQB,Brandon Allen (7147248),Brandon Allen,7147248,5000,GB@Jax 01:00PM ET,JaxWR,Tyler Lockett (7147698),Tyler Lockett,7147698,5000,Mia@Sea 04:05PM ET,SeaQB,Jake Coker (7147275),Jake Coker,7147275,5000,NE@Ari 08:30PM ET,AriQB,Connor Cook (7147218),Connor Cook,7147218,5000,Oak@NO 01:00PM ET,OakQB,Jacoby Brissett (7147276),Jacoby Brissett,7147276,5000,NE@Ari 08:30PM ET,NEQB,Joe Licata (7147211),Joe Licata,7147211,5000,Cin@NYJ 01:00PM ET,CinQB,Jake Rudock (7147269),Jake Rudock,7147269,5000,Det@Ind 04:25PM ET,DetQB,Carson Wentz (7147204),Carson Wentz,7147204,5000,Cle@Phi 01:00PM ET,PhiQB,Alex Tanney (7147196),Alex Tanney,7147196,5000,Min@Ten 01:00PM ET,TenQB,Joe Callahan (7147249),Joe Callahan,7147249,5000,GB@Jax 01:00PM ET,GBQB,Cardale Jones (7147234),Cardale Jones,7147234,5000,Buf@Bal 01:00PM ET,BufQB,Christian Hackenberg (7147212),Christian Hackenberg,7147212,5000,Cin@NYJ 01:00PM ET,NYJWR,Steve Smith (7147609),Steve Smith,7147609,4900,Buf@Bal 01:00PM ET,BalTE,Coby Fleener (7147830),Coby Fleener,7147830,4900,Oak@NO 01:00PM ET,NORB,Ameer Abdullah (7147449),Ameer Abdullah,7147449,4900,Det@Ind 04:25PM ET,DetWR,Sterling Shepard (7147720),Sterling Shepard,7147720,4900,NYG@Dal 04:25PM ET,NYGRB,James Starks (7147398),James Starks,7147398,4800,GB@Jax 01:00PM ET,GBRB,Giovani Bernard (7147331),Giovani Bernard,7147331,4800,Cin@NYJ 01:00PM ET,CinWR,Willie Snead (7147570),Willie Snead,7147570,4800,Oak@NO 01:00PM ET,NOWR,Stefon Diggs (7147508),Stefon Diggs,7147508,4800,Min@Ten 01:00PM ET,MinTE,Gary Barnidge (7147803),Gary Barnidge,7147803,4700,Cle@Phi 01:00PM ET,CleWR,Kamar Aiken (7147616),Kamar Aiken,7147616,4700,Buf@Bal 01:00PM ET,BalTE,Tyler Eifert (7147820),Tyler Eifert,7147820,4700,Cin@NYJ 01:00PM ET,CinRB,Jeremy Langford (7147391),Jeremy Langford,7147391,4700,Chi@Hou 01:00PM ET,ChiRB,Justin Forsett (7147369),Justin Forsett,7147369,4600,Buf@Bal 01:00PM ET,BalWR,Marvin Jones (7147733),Marvin Jones,7147733,4600,Det@Ind 04:25PM ET,DetWR,Robert Woods (7147623),Robert Woods,7147623,4600,Buf@Bal 01:00PM ET,BufRB,Jerick McKinnon (7147299),Jerick McKinnon,7147299,4600,Min@Ten 01:00PM ET,MinRB,Melvin Gordon (7147361),Melvin Gordon,7147361,4600,SD@KC 01:00PM ET,SDRB,Jeremy Hill (7147336),Jeremy Hill,7147336,4600,Cin@NYJ 01:00PM ET,CinWR,Anquan Boldin (7147728),Anquan Boldin,7147728,4500,Det@Ind 04:25PM ET,DetTE,Delanie Walker (7147790),Delanie Walker,7147790,4500,Min@Ten 01:00PM ET,TenWR,Phillip Dorsett (7147741),Phillip Dorsett,7147741,4500,Det@Ind 04:25PM ET,IndWR,Dorial Green-Beckham (7147506),Dorial Green-Beckham,7147506,4500,Min@Ten 01:00PM ET,TenWR,Laquon Treadwell (7147511),Laquon Treadwell,7147511,4500,Min@Ten 01:00PM ET,MinWR,Vincent Jackson (7147469),Vincent Jackson,7147469,4400,TB@Atl 01:00PM ET,TBRB,Charles Sims (7147280),Charles Sims,7147280,4400,TB@Atl 01:00PM ET,TBRB,Spencer Ware (7147358),Spencer Ware,7147358,4400,SD@KC 01:00PM ET,KCRB,Tim Hightower (7147338),Tim Hightower,7147338,4300,Oak@NO 01:00PM ET,NORB,Chris Ivory (7147399),Chris Ivory,7147399,4300,GB@Jax 01:00PM ET,JaxRB,Bilal Powell (7147324),Bilal Powell,7147324,4300,Cin@NYJ 01:00PM ET,NYJTE,Zach Ertz (7147805),Zach Ertz,7147805,4300,Cle@Phi 01:00PM ET,PhiWR,Davante Adams (7147676),Davante Adams,7147676,4300,GB@Jax 01:00PM ET,GBRB,Darren Sproles (7147308),Darren Sproles,7147308,4200,Cle@Phi 01:00PM ET,PhiTE,Antonio Gates (7147840),Antonio Gates,7147840,4200,SD@KC 01:00PM ET,SDWR,Danny Amendola (7147755),Danny Amendola,7147755,4200,NE@Ari 08:30PM ET,NERB,Darren McFadden (7147427),Darren McFadden,7147427,4200,NYG@Dal 04:25PM ET,DalWR,Mike Wallace (7147612),Mike Wallace,7147612,4200,Buf@Bal 01:00PM ET,BalRB,Jay Ajayi (7147416),Jay Ajayi,7147416,4200,Mia@Sea 04:05PM ET,MiaRB,Isaiah Crowell (7147316),Isaiah Crowell,7147316,4200,Cle@Phi 01:00PM ET,CleRB,Tevin Coleman (7147289),Tevin Coleman,7147289,4200,TB@Atl 01:00PM ET,AtlTE,Jason Witten (7147901),Jason Witten,7147901,4100,NYG@Dal 04:25PM ET,DalRB,Andre Ellington (7147458),Andre Ellington,7147458,4100,NE@Ari 08:30PM ET,AriWR,Travis Benjamin (7147592),Travis Benjamin,7147592,4100,SD@KC 01:00PM ET,SDRB,Terrance West (7147374),Terrance West,7147374,4100,Buf@Bal 01:00PM ET,BalRB,T.J. Yeldon (7147407),T.J. Yeldon,7147407,4100,GB@Jax 01:00PM ET,JaxWR,Victor Cruz (7147705),Victor Cruz,7147705,4000,NYG@Dal 04:25PM ET,NYGRB,Theo Riddick (7147446),Theo Riddick,7147446,4000,Det@Ind 04:25PM ET,DetWR,Michael Thomas (7147579),Michael Thomas,7147579,4000,Oak@NO 01:00PM ET,NORB,Derrick Henry (7147306),Derrick Henry,7147306,4000,Min@Ten 01:00PM ET,TenDST,Seahawks  (7148622),Seahawks ,7148622,3900,Mia@Sea 04:05PM ET,SeaWR,Andre Johnson (7147493),Andre Johnson,7147493,3900,Min@Ten 01:00PM ET,TenWR,Brandon LaFell (7147541),Brandon LaFell,7147541,3900,Cin@NYJ 01:00PM ET,CinTE,Eric Ebron (7147923),Eric Ebron,7147923,3900,Det@Ind 04:25PM ET,DetRB,C.J. Prosise (7147424),C.J. Prosise,7147424,3900,Mia@Sea 04:05PM ET,SeaWR,Andrew Hawkins (7147514),Andrew Hawkins,7147514,3800,Cle@Phi 01:00PM ET,CleTE,Jimmy Graham (7147888),Jimmy Graham,7147888,3800,Mia@Sea 04:05PM ET,SeaRB,Alfred Morris (7147428),Alfred Morris,7147428,3800,NYG@Dal 04:25PM ET,DalRB,Shane Vereen (7147429),Shane Vereen,7147429,3800,NYG@Dal 04:25PM ET,NYGRB,Mike Gillislee (7147373),Mike Gillislee,7147373,3800,Buf@Bal 01:00PM ET,BufWR,Quincy Enunwa (7147546),Quincy Enunwa,7147546,3800,Cin@NYJ 01:00PM ET,NYJTE,Julius Thomas (7147881),Julius Thomas,7147881,3800,GB@Jax 01:00PM ET,JaxWR,Seth Roberts (7147582),Seth Roberts,7147582,3800,Oak@NO 01:00PM ET,OakWR,Jaelen Strong (7147654),Jaelen Strong,7147654,3800,Chi@Hou 01:00PM ET,HouTE,Zach Miller (7147864),Zach Miller,7147864,3700,Chi@Hou 01:00PM ET,ChiRB,Chris Johnson (7147454),Chris Johnson,7147454,3700,NE@Ari 08:30PM ET,AriRB,LeGarrette Blount (7147457),LeGarrette Blount,7147457,3700,NE@Ari 08:30PM ET,NERB,Christine Michael (7147414),Christine Michael,7147414,3700,Mia@Sea 04:05PM ET,SeaWR,Marquess Wilson (7147644),Marquess Wilson,7147644,3700,Chi@Hou 01:00PM ET,ChiWR,Chris Conley (7147600),Chris Conley,7147600,3700,SD@KC 01:00PM ET,KCRB,DeAndre Washington (7147348),DeAndre Washington,7147348,3700,Oak@NO 01:00PM ET,OakWR,Breshad Perriman (7147633),Breshad Perriman,7147633,3700,Buf@Bal 01:00PM ET,BalWR,Will Fuller (7147655),Will Fuller,7147655,3700,Chi@Hou 01:00PM ET,HouRB,Jordan Howard (7147397),Jordan Howard,7147397,3700,Chi@Hou 01:00PM ET,ChiWR,Jeff Janis (7147679),Jeff Janis,7147679,3700,GB@Jax 01:00PM ET,GBDST,Chiefs  (7148613),Chiefs ,7148613,3600,SD@KC 01:00PM ET,KCWR,Dwayne Harris (7147706),Dwayne Harris,7147706,3600,NYG@Dal 04:25PM ET,NYGRB,C.J. Spiller (7147340),C.J. Spiller,7147340,3600,Oak@NO 01:00PM ET,NORB,Alfred Blue (7147387),Alfred Blue,7147387,3600,Chi@Hou 01:00PM ET,HouRB,James White (7147466),James White,7147466,3600,NE@Ari 08:30PM ET,NEWR,Albert Wilson (7147596),Albert Wilson,7147596,3600,SD@KC 01:00PM ET,KCWR,Chris Hogan (7147763),Chris Hogan,7147763,3600,NE@Ari 08:30PM ET,NEWR,Ty Montgomery (7147670),Ty Montgomery,7147670,3600,GB@Jax 01:00PM ET,GBRB,Javorius Allen (7147375),Javorius Allen,7147375,3600,Buf@Bal 01:00PM ET,BalWR,Tyler Boyd (7147559),Tyler Boyd,7147559,3600,Cin@NYJ 01:00PM ET,CinDST,Cardinals  (7148628),Cardinals ,7148628,3500,NE@Ari 08:30PM ET,AriRB,Reggie Bush (7147367),Reggie Bush,7147367,3500,Buf@Bal 01:00PM ET,BufWR,James Jones (7147585),James Jones,7147585,3500,SD@KC 01:00PM ET,SDTE,Benjamin Watson (7147853),Benjamin Watson,7147853,3500,Buf@Bal 01:00PM ET,BalWR,Jermaine Kearse (7147684),Jermaine Kearse,7147684,3500,Mia@Sea 04:05PM ET,SeaRB,Ka'Deem Carey (7147393),Ka'Deem Carey,7147393,3500,Chi@Hou 01:00PM ET,ChiWR,Rashad Greene (7147673),Rashad Greene,7147673,3500,GB@Jax 01:00PM ET,JaxRB,Josh Ferguson (7147450),Josh Ferguson,7147450,3500,Det@Ind 04:25PM ET,IndRB,Terrell Watson (7147317),Terrell Watson,7147317,3500,Cle@Phi 01:00PM ET,CleWR,Nelson Agholor (7147529),Nelson Agholor,7147529,3500,Cle@Phi 01:00PM ET,PhiRB,Charcandrick West (7147366),Charcandrick West,7147366,3500,SD@KC 01:00PM ET,KCDST,Jets  (7148610),Jets ,7148610,3400,Cin@NYJ 01:00PM ET,NYJWR,Harry Douglas (7147494),Harry Douglas,7147494,3400,Min@Ten 01:00PM ET,TenTE,Martellus Bennett (7147929),Martellus Bennett,7147929,3400,NE@Ari 08:30PM ET,NEWR,Dontrelle Inman (7147589),Dontrelle Inman,7147589,3400,SD@KC 01:00PM ET,SDTE,Charles Clay (7147856),Charles Clay,7147856,3400,Buf@Bal 01:00PM ET,BufWR,Kendall Wright (7147496),Kendall Wright,7147496,3400,Min@Ten 01:00PM ET,TenWR,Jaron Brown (7147758),Jaron Brown,7147758,3400,NE@Ari 08:30PM ET,AriWR,Kenny Bell (7147477),Kenny Bell,7147477,3400,TB@Atl 01:00PM ET,TBRB,Kenneth Dixon (7147380),Kenneth Dixon,7147380,3400,Buf@Bal 01:00PM ET,BalDST,Eagles  (7148608),Eagles ,7148608,3300,Cle@Phi 01:00PM ET,PhiRB,Matt Asiata (7147294),Matt Asiata,7147294,3300,Min@Ten 01:00PM ET,MinWR,Leonard Hankerson (7147614),Leonard Hankerson,7147614,3300,Buf@Bal 01:00PM ET,BufWR,Terrance Williams (7147710),Terrance Williams,7147710,3300,NYG@Dal 04:25PM ET,DalWR,Rueben Randle (7147519),Rueben Randle,7147519,3300,Cle@Phi 01:00PM ET,PhiWR,Jared Abbrederis (7147665),Jared Abbrederis,7147665,3300,GB@Jax 01:00PM ET,GBTE,Will Tye (7147906),Will Tye,7147906,3300,NYG@Dal 04:25PM ET,NYGWR,Rishard Matthews (7147502),Rishard Matthews,7147502,3300,Min@Ten 01:00PM ET,TenWR,Cecil Shorts III (7147643),Cecil Shorts III,7147643,3300,Chi@Hou 01:00PM ET,HouDST,Texans  (7148617),Texans ,7148617,3200,Chi@Hou 01:00PM ET,HouWR,Eddie Royal (7147635),Eddie Royal,7147635,3200,Chi@Hou 01:00PM ET,ChiWR,Hakeem Nicks (7147563),Hakeem Nicks,7147563,3200,Oak@NO 01:00PM ET,NOWR,Cole Beasley (7147711),Cole Beasley,7147711,3200,NYG@Dal 04:25PM ET,DalTE,Dwayne Allen (7147917),Dwayne Allen,7147917,3200,Det@Ind 04:25PM ET,IndWR,Kenny Stills (7147687),Kenny Stills,7147687,3200,Mia@Sea 04:05PM ET,MiaWR,J.J. Nelson (7147762),J.J. Nelson,7147762,3200,NE@Ari 08:30PM ET,AriWR,Andre Holmes (7147568),Andre Holmes,7147568,3200,Oak@NO 01:00PM ET,OakRB,Karlos Williams (7147377),Karlos Williams,7147377,3200,Buf@Bal 01:00PM ET,BufRB,Paul Perkins (7147438),Paul Perkins,7147438,3200,NYG@Dal 04:25PM ET,NYGWR,Leonte Carroo (7147703),Leonte Carroo,7147703,3200,Mia@Sea 04:05PM ET,MiaRB,Lorenzo Taliaferro (7147382),Lorenzo Taliaferro,7147382,3200,Buf@Bal 01:00PM ET,BalDST,Vikings  (7148606),Vikings ,7148606,3100,Min@Ten 01:00PM ET,MinWR,Stevie Johnson (7147587),Stevie Johnson,7147587,3100,SD@KC 01:00PM ET,SDRB,Jacquizz Rodgers (7147384),Jacquizz Rodgers,7147384,3100,Chi@Hou 01:00PM ET,ChiRB,Knile Davis (7147356),Knile Davis,7147356,3100,SD@KC 01:00PM ET,KCRB,Kyle Juszczyk (7147372),Kyle Juszczyk,7147372,3100,Buf@Bal 01:00PM ET,BalRB,Denard Robinson (7147403),Denard Robinson,7147403,3100,GB@Jax 01:00PM ET,JaxWR,Justin Hardy (7147480),Justin Hardy,7147480,3100,TB@Atl 01:00PM ET,AtlWR,Marqise Lee (7147671),Marqise Lee,7147671,3100,GB@Jax 01:00PM ET,JaxTE,Richard Rodgers (7147884),Richard Rodgers,7147884,3100,GB@Jax 01:00PM ET,GBRB,Alex Collins (7147425),Alex Collins,7147425,3100,Mia@Sea 04:05PM ET,SeaDST,Bengals  (7148609),Bengals ,7148609,3000,Cin@NYJ 01:00PM ET,CinWR,Nate Washington (7147752),Nate Washington,7147752,3000,NE@Ari 08:30PM ET,NEWR,Andre Caldwell (7147729),Andre Caldwell,7147729,3000,Det@Ind 04:25PM ET,DetWR,Eric Weems (7147470),Eric Weems,7147470,3000,TB@Atl 01:00PM ET,AtlWR,Matthew Slater (7147753),Matthew Slater,7147753,3000,NE@Ari 08:30PM ET,NERB,Jerome Felton (7147368),Jerome Felton,7147368,3000,Buf@Bal 01:00PM ET,BufRB,Cedric Peerman (7147323),Cedric Peerman,7147323,3000,Cin@NYJ 01:00PM ET,CinWR,Marlon Moore (7147515),Marlon Moore,7147515,3000,Cle@Phi 01:00PM ET,CleWR,Brandon Tate (7147539),Brandon Tate,7147539,3000,Cin@NYJ 01:00PM ET,CinRB,Darrel Young (7147383),Darrel Young,7147383,3000,Chi@Hou 01:00PM ET,ChiWR,Louis Murphy (7147471),Louis Murphy,7147471,3000,TB@Atl 01:00PM ET,TBRB,Donald Brown (7147455),Donald Brown,7147455,3000,NE@Ari 08:30PM ET,NEWR,Dobson Collins (7147610),Dobson Collins,7147610,3000,Buf@Bal 01:00PM ET,BalWR,Kyle Williams (7147542),Kyle Williams,7147542,3000,Cin@NYJ 01:00PM ET,NYJWR,Greg Salas (7147611),Greg Salas,7147611,3000,Buf@Bal 01:00PM ET,BufRB,Marcel Reece (7147339),Marcel Reece,7147339,3000,Oak@NO 01:00PM ET,OakWR,Marc Mariani (7147636),Marc Mariani,7147636,3000,Chi@Hou 01:00PM ET,ChiWR,Bryan Walters (7147659),Bryan Walters,7147659,3000,GB@Jax 01:00PM ET,JaxWR,Andre Roberts (7147730),Andre Roberts,7147730,3000,Det@Ind 04:25PM ET,DetWR,Jeremy Ross (7147543),Jeremy Ross,7147543,3000,Cin@NYJ 01:00PM ET,NYJRB,Dexter McCluster (7147293),Dexter McCluster,7147293,3000,Min@Ten 01:00PM ET,TenWR,Mike Williams (7147588),Mike Williams,7147588,3000,SD@KC 01:00PM ET,KCRB,James Develin (7147456),James Develin,7147456,3000,NE@Ari 08:30PM ET,NEWR,Arrelious Benn (7147660),Arrelious Benn,7147660,3000,GB@Jax 01:00PM ET,JaxWR,Marcus Easley (7147613),Marcus Easley,7147613,3000,Buf@Bal 01:00PM ET,BufRB,Stevan Ridley (7147442),Stevan Ridley,7147442,3000,Det@Ind 04:25PM ET,DetRB,Taiwan Jones (7147341),Taiwan Jones,7147341,3000,Oak@NO 01:00PM ET,OakWR,Charles Johnson (7147495),Charles Johnson,7147495,3000,Min@Ten 01:00PM ET,MinWR,Deonte Thompson (7147637),Deonte Thompson,7147637,3000,Chi@Hou 01:00PM ET,ChiRB,Daniel Herron (7147370),Daniel Herron,7147370,3000,Buf@Bal 01:00PM ET,BufTE,Jordan Cameron (7147889),Jordan Cameron,7147889,3000,Mia@Sea 04:05PM ET,MiaWR,Greg Little (7147615),Greg Little,7147615,3000,Buf@Bal 01:00PM ET,BufRB,Joe Banyard (7147400),Joe Banyard,7147400,3000,GB@Jax 01:00PM ET,JaxWR,Jeremy Kerley (7147731),Jeremy Kerley,7147731,3000,Det@Ind 04:25PM ET,DetRB,Robert Hughes (7147309),Robert Hughes,7147309,3000,Cle@Phi 01:00PM ET,CleRB,Travaris Cadet (7147342),Travaris Cadet,7147342,3000,Oak@NO 01:00PM ET,NOWR,Nathan Palmer (7147565),Nathan Palmer,7147565,3000,Oak@NO 01:00PM ET,OakWR,Kashif Moore (7147590),Kashif Moore,7147590,3000,SD@KC 01:00PM ET,KCRB,Anthony Sherman (7147355),Anthony Sherman,7147355,3000,SD@KC 01:00PM ET,KCWR,Aldrick Robinson (7147472),Aldrick Robinson,7147472,3000,TB@Atl 01:00PM ET,AtlRB,Robert Turbin (7147443),Robert Turbin,7147443,3000,Det@Ind 04:25PM ET,IndRB,Will Johnson (7147430),Will Johnson,7147430,3000,NYG@Dal 04:25PM ET,NYGRB,Bobby Rainey (7147431),Bobby Rainey,7147431,3000,NYG@Dal 04:25PM ET,NYGRB,Patrick DiMarco (7147278),Patrick DiMarco,7147278,3000,TB@Atl 01:00PM ET,AtlRB,Isaiah Pead (7147412),Isaiah Pead,7147412,3000,Mia@Sea 04:05PM ET,MiaRB,George Winn (7147444),George Winn,7147444,3000,Det@Ind 04:25PM ET,DetWR,Tavarres King (7147708),Tavarres King,7147708,3000,NYG@Dal 04:25PM ET,NYGRB,Austin Johnson (7147343),Austin Johnson,7147343,3000,Oak@NO 01:00PM ET,NOWR,Terrelle Pryor (7147516),Terrelle Pryor,7147516,3000,Cle@Phi 01:00PM ET,CleRB,Kenjon Barner (7147311),Kenjon Barner,7147311,3000,Cle@Phi 01:00PM ET,PhiWR,Brice Butler (7147709),Brice Butler,7147709,3000,NYG@Dal 04:25PM ET,DalRB,Zach Line (7147295),Zach Line,7147295,3000,Min@Ten 01:00PM ET,MinWR,Griff Whalen (7147685),Griff Whalen,7147685,3000,Mia@Sea 04:05PM ET,MiaRB,Jonathan Grimes (7147385),Jonathan Grimes,7147385,3000,Chi@Hou 01:00PM ET,HouWR,Frankie Hammond (7147591),Frankie Hammond,7147591,3000,SD@KC 01:00PM ET,KCWR,T.J. Graham (7147517),T.J. Graham,7147517,3000,Cle@Phi 01:00PM ET,PhiWR,Chris Givens (7147518),Chris Givens,7147518,3000,Cle@Phi 01:00PM ET,PhiRB,Glenn Winston (7147312),Glenn Winston,7147312,3000,Cle@Phi 01:00PM ET,CleWR,Keshawn Martin (7147759),Keshawn Martin,7147759,3000,NE@Ari 08:30PM ET,NEWR,Myles White (7147712),Myles White,7147712,3000,NYG@Dal 04:25PM ET,NYGWR,Troy Stoudermire (7147497),Troy Stoudermire,7147497,3000,Min@Ten 01:00PM ET,MinWR,Jarrett Boykin (7147617),Jarrett Boykin,7147617,3000,Buf@Bal 01:00PM ET,BufWR,B.J. Daniels (7147638),B.J. Daniels,7147638,3000,Chi@Hou 01:00PM ET,ChiRB,Jordan Todman (7147445),Jordan Todman,7147445,3000,Det@Ind 04:25PM ET,IndWR,Jarius Wright (7147498),Jarius Wright,7147498,3000,Min@Ten 01:00PM ET,MinRB,Brandon Bolden (7147459),Brandon Bolden,7147459,3000,NE@Ari 08:30PM ET,NERB,Lance Dunbar (7147432),Lance Dunbar,7147432,3000,NYG@Dal 04:25PM ET,DalRB,Jonas Gray (7147401),Jonas Gray,7147401,3000,GB@Jax 01:00PM ET,JaxTE,Kyle Rudolph (7147794),Kyle Rudolph,7147794,3000,Min@Ten 01:00PM ET,MinWR,Russell Shepard (7147474),Russell Shepard,7147474,3000,TB@Atl 01:00PM ET,TBWR,Josh Boyce (7147735),Josh Boyce,7147735,3000,Det@Ind 04:25PM ET,IndRB,Matthew Tucker (7147325),Matthew Tucker,7147325,3000,Cin@NYJ 01:00PM ET,NYJRB,Mike James (7147279),Mike James,7147279,3000,TB@Atl 01:00PM ET,TBRB,Tommy Bohanon (7147326),Tommy Bohanon,7147326,3000,Cin@NYJ 01:00PM ET,NYJRB,Rex Burkhead (7147327),Rex Burkhead,7147327,3000,Cin@NYJ 01:00PM ET,CinWR,Michael Campanaro (7147618),Michael Campanaro,7147618,3000,Buf@Bal 01:00PM ET,BalRB,Nikita Whitlock (7147433),Nikita Whitlock,7147433,3000,NYG@Dal 04:25PM ET,NYGWR,Damian Copeland (7147736),Damian Copeland,7147736,3000,Det@Ind 04:25PM ET,DetRB,Tyler Gaffney (7147461),Tyler Gaffney,7147461,3000,NE@Ari 08:30PM ET,NERB,Stepfan Taylor (7147462),Stepfan Taylor,7147462,3000,NE@Ari 08:30PM ET,AriWR,Tony Washington (7147662),Tony Washington,7147662,3000,GB@Jax 01:00PM ET,JaxRB,Branden Oliver (7147357),Branden Oliver,7147357,3000,SD@KC 01:00PM ET,SDRB,Cameron Marshall (7147413),Cameron Marshall,7147413,3000,Mia@Sea 04:05PM ET,SeaWR,Marquise Goodwin (7147619),Marquise Goodwin,7147619,3000,Buf@Bal 01:00PM ET,BufWR,Mitch Mathews (7147593),Mitch Mathews,7147593,3000,SD@KC 01:00PM ET,KCRB,Kerwynn Williams (7147463),Kerwynn Williams,7147463,3000,NE@Ari 08:30PM ET,AriWR,Andre Debose (7147737),Andre Debose,7147737,3000,Det@Ind 04:25PM ET,IndWR,Shaq Evans (7147663),Shaq Evans,7147663,3000,GB@Jax 01:00PM ET,JaxWR,Rodney Smith (7147713),Rodney Smith,7147713,3000,NYG@Dal 04:25PM ET,DalWR,Ed Williams (7147664),Ed Williams,7147664,3000,GB@Jax 01:00PM ET,GBWR,Josh Lenz (7147640),Josh Lenz,7147640,3000,Chi@Hou 01:00PM ET,HouWR,Nick Williams (7147476),Nick Williams,7147476,3000,TB@Atl 01:00PM ET,AtlWR,Devin Street (7147714),Devin Street,7147714,3000,NYG@Dal 04:25PM ET,DalWR,Chris Matthews (7147620),Chris Matthews,7147620,3000,Buf@Bal 01:00PM ET,BalWR,Aaron Dobson (7147761),Aaron Dobson,7147761,3000,NE@Ari 08:30PM ET,NERB,Bernard Pierce (7147328),Bernard Pierce,7147328,3000,Cin@NYJ 01:00PM ET,NYJRB,Daniel Thomas (7147415),Daniel Thomas,7147415,3000,Mia@Sea 04:05PM ET,MiaWR,Terrell Sinkfield (7147499),Terrell Sinkfield,7147499,3000,Min@Ten 01:00PM ET,MinRB,Dominique Williams (7147329),Dominique Williams,7147329,3000,Cin@NYJ 01:00PM ET,NYJWR,A.J. Cruz (7147686),A.J. Cruz,7147686,3000,Mia@Sea 04:05PM ET,MiaWR,Kadron Boone (7147715),Kadron Boone,7147715,3000,NYG@Dal 04:25PM ET,NYGWR,James Wright (7147545),James Wright,7147545,3000,Cin@NYJ 01:00PM ET,CinRB,Storm Johnson (7147281),Storm Johnson,7147281,3000,TB@Atl 01:00PM ET,TBWR,Justin Hunter (7147500),Justin Hunter,7147500,3000,Min@Ten 01:00PM ET,TenRB,Rajion Neal (7147313),Rajion Neal,7147313,3000,Cle@Phi 01:00PM ET,CleRB,Trey Millard (7147359),Trey Millard,7147359,3000,SD@KC 01:00PM ET,KCRB,Jay Prosch (7147388),Jay Prosch,7147388,3000,Chi@Hou 01:00PM ET,HouRB,Jalston Fowler (7147296),Jalston Fowler,7147296,3000,Min@Ten 01:00PM ET,TenRB,Jeff Luc (7147330),Jeff Luc,7147330,3000,Cin@NYJ 01:00PM ET,CinWR,TJ Jones (7147738),TJ Jones,7147738,3000,Det@Ind 04:25PM ET,DetWR,Kenbrell Thompkins (7147547),Kenbrell Thompkins,7147547,3000,Cin@NYJ 01:00PM ET,NYJRB,Joey Iosefa (7147464),Joey Iosefa,7147464,3000,NE@Ari 08:30PM ET,NEWR,Kain Colter (7147621),Kain Colter,7147621,3000,Buf@Bal 01:00PM ET,BufWR,Rashad Lawrence (7147667),Rashad Lawrence,7147667,3000,GB@Jax 01:00PM ET,JaxRB,Orleans Darkwa (7147434),Orleans Darkwa,7147434,3000,NYG@Dal 04:25PM ET,NYGWR,Rod Streater (7147594),Rod Streater,7147594,3000,SD@KC 01:00PM ET,KCWR,Jamel Johnson (7147668),Jamel Johnson,7147668,3000,GB@Jax 01:00PM ET,GBWR,R.J. Harris (7147566),R.J. Harris,7147566,3000,Oak@NO 01:00PM ET,NOWR,Michael Bennett (7147548),Michael Bennett,7147548,3000,Cin@NYJ 01:00PM ET,CinRB,Marcus Murphy (7147346),Marcus Murphy,7147346,3000,Oak@NO 01:00PM ET,NORB,Andre Williams (7147435),Andre Williams,7147435,3000,NYG@Dal 04:25PM ET,NYGTE,Clive Walford (7147835),Clive Walford,7147835,3000,Oak@NO 01:00PM ET,OakRB,Rod Smith (7147436),Rod Smith,7147436,3000,NYG@Dal 04:25PM ET,DalWR,Joshua Bellamy (7147641),Joshua Bellamy,7147641,3000,Chi@Hou 01:00PM ET,ChiRB,Senorise Perry (7147389),Senorise Perry,7147389,3000,Chi@Hou 01:00PM ET,ChiWR,Jordan Leslie (7147478),Jordan Leslie,7147478,3000,TB@Atl 01:00PM ET,AtlWR,Neal Sterling (7147669),Neal Sterling,7147669,3000,GB@Jax 01:00PM ET,JaxWR,Walt Powell (7147622),Walt Powell,7147622,3000,Buf@Bal 01:00PM ET,BufWR,Javontee Herndon (7147595),Javontee Herndon,7147595,3000,SD@KC 01:00PM ET,SDRB,Malcolm Johnson (7147314),Malcolm Johnson,7147314,3000,Cle@Phi 01:00PM ET,CleWR,Jonathan Krause (7147479),Jonathan Krause,7147479,3000,TB@Atl 01:00PM ET,TBWR,Josh Huff (7147522),Josh Huff,7147522,3000,Cle@Phi 01:00PM ET,PhiRB,Soma Vainuku (7147390),Soma Vainuku,7147390,3000,Chi@Hou 01:00PM ET,HouWR,Andrew Turzilli (7147501),Andrew Turzilli,7147501,3000,Min@Ten 01:00PM ET,TenWR,Brandon Coleman (7147567),Brandon Coleman,7147567,3000,Oak@NO 01:00PM ET,NORB,Sam Bergen (7147297),Sam Bergen,7147297,3000,Min@Ten 01:00PM ET,TenRB,Michael Burton (7147447),Michael Burton,7147447,3000,Det@Ind 04:25PM ET,DetRB,Corey Grant (7147404),Corey Grant,7147404,3000,GB@Jax 01:00PM ET,JaxWR,Kaelin Clay (7147624),Kaelin Clay,7147624,3000,Buf@Bal 01:00PM ET,BalWR,Antwan Goodley (7147688),Antwan Goodley,7147688,3000,Mia@Sea 04:05PM ET,SeaWR,Matt Hazel (7147689),Matt Hazel,7147689,3000,Mia@Sea 04:05PM ET,MiaWR,Keith Mumphery (7147642),Keith Mumphery,7147642,3000,Chi@Hou 01:00PM ET,HouWR,Da'Ron Brown (7147598),Da'Ron Brown,7147598,3000,SD@KC 01:00PM ET,KCWR,Kevin Smith (7147690),Kevin Smith,7147690,3000,Mia@Sea 04:05PM ET,SeaWR,Corey Fuller (7147739),Corey Fuller,7147739,3000,Det@Ind 04:25PM ET,DetWR,Jake Kumerow (7147549),Jake Kumerow,7147549,3000,Cin@NYJ 01:00PM ET,CinWR,Geremy Davis (7147716),Geremy Davis,7147716,3000,NYG@Dal 04:25PM ET,NYGRB,David Fluellen (7147298),David Fluellen,7147298,3000,Min@Ten 01:00PM ET,TenWR,Bernard Reedy (7147481),Bernard Reedy,7147481,3000,TB@Atl 01:00PM ET,TBRB,Jamize Olawale (7147347),Jamize Olawale,7147347,3000,Oak@NO 01:00PM ET,OakWR,Paul Richardson (7147691),Paul Richardson,7147691,3000,Mia@Sea 04:05PM ET,SeaWR,Douglas McNeil III (7147692),Douglas McNeil III,7147692,3000,Mia@Sea 04:05PM ET,SeaWR,Daniel Brown (7147625),Daniel Brown,7147625,3000,Buf@Bal 01:00PM ET,BalWR,Reggie Bell (7147569),Reggie Bell,7147569,3000,Oak@NO 01:00PM ET,NOWR,Isaiah Burse (7147599),Isaiah Burse,7147599,3000,SD@KC 01:00PM ET,SDWR,Freddie Martino (7147482),Freddie Martino,7147482,3000,TB@Atl 01:00PM ET,TBWR,Cameron Meredith (7147646),Cameron Meredith,7147646,3000,Chi@Hou 01:00PM ET,ChiRB,Antonio Andrews (7147300),Antonio Andrews,7147300,3000,Min@Ten 01:00PM ET,TenRB,Zach Zenner (7147448),Zach Zenner,7147448,3000,Det@Ind 04:25PM ET,DetRB,Kenny Hilliard (7147392),Kenny Hilliard,7147392,3000,Chi@Hou 01:00PM ET,HouWR,Paul Turner (7147523),Paul Turner,7147523,3000,Cle@Phi 01:00PM ET,PhiRB,Dreamius Smith (7147360),Dreamius Smith,7147360,3000,SD@KC 01:00PM ET,SDRB,Terron Ward (7147282),Terron Ward,7147282,3000,TB@Atl 01:00PM ET,AtlRB,David Cobb (7147301),David Cobb,7147301,3000,Min@Ten 01:00PM ET,TenRB,Blake Renaud (7147302),Blake Renaud,7147302,3000,Min@Ten 01:00PM ET,MinWR,Titus Davis (7147550),Titus Davis,7147550,3000,Cin@NYJ 01:00PM ET,NYJWR,Quan Bray (7147740),Quan Bray,7147740,3000,Det@Ind 04:25PM ET,IndWR,Braxton Miller (7147647),Braxton Miller,7147647,3000,Chi@Hou 01:00PM ET,HouWR,Tre McBride (7147503),Tre McBride,7147503,3000,Min@Ten 01:00PM ET,TenWR,Jared Dangerfield (7147571),Jared Dangerfield,7147571,3000,Oak@NO 01:00PM ET,NOWR,Rashawn Scott (7147694),Rashawn Scott,7147694,3000,Mia@Sea 04:05PM ET,MiaWR,David Watford (7147524),David Watford,7147524,3000,Cle@Phi 01:00PM ET,PhiWR,Gary Chambers (7147626),Gary Chambers,7147626,3000,Buf@Bal 01:00PM ET,BufWR,Amir Carlisle (7147764),Amir Carlisle,7147764,3000,NE@Ari 08:30PM ET,AriRB,Tre Madden (7147417),Tre Madden,7147417,3000,Mia@Sea 04:05PM ET,SeaWR,Quenton Bundrage (7147648),Quenton Bundrage,7147648,3000,Chi@Hou 01:00PM ET,HouRB,Kevin Monangai (7147303),Kevin Monangai,7147303,3000,Min@Ten 01:00PM ET,MinWR,Dezmin Lewis (7147627),Dezmin Lewis,7147627,3000,Buf@Bal 01:00PM ET,BufRB,Gus Johnson (7147284),Gus Johnson,7147284,3000,TB@Atl 01:00PM ET,AtlWR,Adam Humphries (7147484),Adam Humphries,7147484,3000,TB@Atl 01:00PM ET,TBWR,Charone Peake (7147551),Charone Peake,7147551,3000,Cin@NYJ 01:00PM ET,NYJRB,Tyler Ervin (7147394),Tyler Ervin,7147394,3000,Chi@Hou 01:00PM ET,HouWR,Xavier Rush (7147525),Xavier Rush,7147525,3000,Cle@Phi 01:00PM ET,PhiRB,Bronson Hill (7147332),Bronson Hill,7147332,3000,Cin@NYJ 01:00PM ET,CinWR,Jamal Robinson (7147672),Jamal Robinson,7147672,3000,GB@Jax 01:00PM ET,JaxWR,Jaxon Shipley (7147765),Jaxon Shipley,7147765,3000,NE@Ari 08:30PM ET,AriWR,Deshon Foxx (7147696),Deshon Foxx,7147696,3000,Mia@Sea 04:05PM ET,SeaWR,Marken Michel (7147504),Marken Michel,7147504,3000,Min@Ten 01:00PM ET,MinWR,K.J. Brent (7147572),K.J. Brent,7147572,3000,Oak@NO 01:00PM ET,OakWR,Tanner McEvoy (7147697),Tanner McEvoy,7147697,3000,Mia@Sea 04:05PM ET,SeaRB,Brandon Wilds (7147285),Brandon Wilds,7147285,3000,TB@Atl 01:00PM ET,AtlWR,Devin Lucien (7147766),Devin Lucien,7147766,3000,NE@Ari 08:30PM ET,NERB,Aaron Ripkowski (7147405),Aaron Ripkowski,7147405,3000,GB@Jax 01:00PM ET,GBWR,David Glidden (7147485),David Glidden,7147485,3000,TB@Atl 01:00PM ET,AtlWR,Jakeem Grant (7147699),Jakeem Grant,7147699,3000,Mia@Sea 04:05PM ET,MiaRB,James Wilder (7147376),James Wilder,7147376,3000,Buf@Bal 01:00PM ET,BufWR,Marcus Leak (7147742),Marcus Leak,7147742,3000,Det@Ind 04:25PM ET,IndRB,Brandon Ross (7147406),Brandon Ross,7147406,3000,GB@Jax 01:00PM ET,GBRB,Romar Morris (7147333),Romar Morris,7147333,3000,Cin@NYJ 01:00PM ET,NYJWR,Darius Jennings (7147526),Darius Jennings,7147526,3000,Cle@Phi 01:00PM ET,CleWR,Devin Smith (7147552),Devin Smith,7147552,3000,Cin@NYJ 01:00PM ET,NYJWR,Evan Spencer (7147486),Evan Spencer,7147486,3000,TB@Atl 01:00PM ET,TBRB,Brandon Cottom (7147419),Brandon Cottom,7147419,3000,Mia@Sea 04:05PM ET,SeaRB,Akeem Hunt (7147395),Akeem Hunt,7147395,3000,Chi@Hou 01:00PM ET,HouRB,Raheem Mostert (7147315),Raheem Mostert,7147315,3000,Cle@Phi 01:00PM ET,CleRB,Derek Watt (7147362),Derek Watt,7147362,3000,SD@KC 01:00PM ET,SDWR,Chris Moore (7147629),Chris Moore,7147629,3000,Buf@Bal 01:00PM ET,BalRB,Elijhaa Penny (7147467),Elijhaa Penny,7147467,3000,NE@Ari 08:30PM ET,AriWR,Andre Davis (7147487),Andre Davis,7147487,3000,TB@Atl 01:00PM ET,TBWR,Malcolm Mitchell (7147767),Malcolm Mitchell,7147767,3000,NE@Ari 08:30PM ET,NEWR,Marvin Hall (7147573),Marvin Hall,7147573,3000,Oak@NO 01:00PM ET,OakWR,Chuck Jacobs (7147630),Chuck Jacobs,7147630,3000,Buf@Bal 01:00PM ET,BalWR,Jeremy Butler (7147631),Jeremy Butler,7147631,3000,Buf@Bal 01:00PM ET,BalRB,Daniel Lasco (7147349),Daniel Lasco,7147349,3000,Oak@NO 01:00PM ET,NORB,Tra Carson (7147334),Tra Carson,7147334,3000,Cin@NYJ 01:00PM ET,CinWR,De'Anthony Thomas (7147601),De'Anthony Thomas,7147601,3000,SD@KC 01:00PM ET,KCRB,Bishop Sankey (7147304),Bishop Sankey,7147304,3000,Min@Ten 01:00PM ET,TenRB,Tani Tupou (7147420),Tani Tupou,7147420,3000,Mia@Sea 04:05PM ET,SeaWR,Kasen Williams (7147700),Kasen Williams,7147700,3000,Mia@Sea 04:05PM ET,SeaWR,Tommylee Lewis (7147575),Tommylee Lewis,7147575,3000,Oak@NO 01:00PM ET,NOWR,Dominique Williams (7147602),Dominique Williams,7147602,3000,SD@KC 01:00PM ET,SDWR,Jay Lee (7147744),Jay Lee,7147744,3000,Det@Ind 04:25PM ET,DetWR,J.D. McKissic (7147488),J.D. McKissic,7147488,3000,TB@Atl 01:00PM ET,AtlWR,Robby Anderson (7147553),Robby Anderson,7147553,3000,Cin@NYJ 01:00PM ET,NYJRB,Will Ratelle (7147286),Will Ratelle,7147286,3000,TB@Atl 01:00PM ET,AtlRB,Stephen Houston (7147378),Stephen Houston,7147378,3000,Buf@Bal 01:00PM ET,BalWR,Shane Wynn (7147674),Shane Wynn,7147674,3000,GB@Jax 01:00PM ET,JaxRB,Kenneth Farrow (7147363),Kenneth Farrow,7147363,3000,SD@KC 01:00PM ET,SDRB,Darrin Reaves (7147364),Darrin Reaves,7147364,3000,SD@KC 01:00PM ET,KCWR,Rannell Hall (7147527),Rannell Hall,7147527,3000,Cle@Phi 01:00PM ET,CleRB,George Atkinson III (7147350),George Atkinson III,7147350,3000,Oak@NO 01:00PM ET,OakWR,DeAndre Carter (7147768),DeAndre Carter,7147768,3000,NE@Ari 08:30PM ET,NERB,Andrew Bonnet (7147335),Andrew Bonnet,7147335,3000,Cin@NYJ 01:00PM ET,CinRB,Alan Cross (7147287),Alan Cross,7147287,3000,TB@Atl 01:00PM ET,TBWR,Tevin Jones (7147649),Tevin Jones,7147649,3000,Chi@Hou 01:00PM ET,HouWR,Chandler Worthy (7147554),Chandler Worthy,7147554,3000,Cin@NYJ 01:00PM ET,NYJWR,Trevor Davis (7147677),Trevor Davis,7147677,3000,GB@Jax 01:00PM ET,GBWR,Brittan Golden (7147769),Brittan Golden,7147769,3000,NE@Ari 08:30PM ET,AriWR,Tyrell Williams (7147603),Tyrell Williams,7147603,3000,SD@KC 01:00PM ET,SDRB,Jhurell Pressley (7147305),Jhurell Pressley,7147305,3000,Min@Ten 01:00PM ET,MinWR,Kolby Listenbee (7147632),Kolby Listenbee,7147632,3000,Buf@Bal 01:00PM ET,BufWR,Isaac Fruechte (7147505),Isaac Fruechte,7147505,3000,Min@Ten 01:00PM ET,MinWR,KJ Maye (7147718),KJ Maye,7147718,3000,NYG@Dal 04:25PM ET,NYGWR,Joe Hansley (7147577),Joe Hansley,7147577,3000,Oak@NO 01:00PM ET,OakWR,Daniel Braverman (7147650),Daniel Braverman,7147650,3000,Chi@Hou 01:00PM ET,ChiWR,Jordan Williams-Lambert (7147578),Jordan Williams-Lambert,7147578,3000,Oak@NO 01:00PM ET,NOWR,Alex Erickson (7147555),Alex Erickson,7147555,3000,Cin@NYJ 01:00PM ET,CinRB,Paul Lasike (7147396),Paul Lasike,7147396,3000,Chi@Hou 01:00PM ET,ChiRB,D.J. Foster (7147468),D.J. Foster,7147468,3000,NE@Ari 08:30PM ET,NERB,Glenn Gronkowski (7147379),Glenn Gronkowski,7147379,3000,Buf@Bal 01:00PM ET,BufRB,Zac Brooks (7147421),Zac Brooks,7147421,3000,Mia@Sea 04:05PM ET,SeaRB,Marshaun Coprich (7147437),Marshaun Coprich,7147437,3000,NYG@Dal 04:25PM ET,NYGRB,Byron Marshall (7147318),Byron Marshall,7147318,3000,Cle@Phi 01:00PM ET,PhiRB,Russell Hansbrough (7147288),Russell Hansbrough,7147288,3000,TB@Atl 01:00PM ET,TBWR,Cordarrelle Patterson (7147507),Cordarrelle Patterson,7147507,3000,Min@Ten 01:00PM ET,MinRB,Trey Williams (7147451),Trey Williams,7147451,3000,Det@Ind 04:25PM ET,IndWR,Chris Harper (7147770),Chris Harper,7147770,3000,NE@Ari 08:30PM ET,NEWR,Kenny Lawler (7147701),Kenny Lawler,7147701,3000,Mia@Sea 04:05PM ET,SeaWR,Darius Powe (7147719),Darius Powe,7147719,3000,NYG@Dal 04:25PM ET,NYGWR,Devin Fuller (7147489),Devin Fuller,7147489,3000,TB@Atl 01:00PM ET,AtlWR,Jordan Payton (7147528),Jordan Payton,7147528,3000,Cle@Phi 01:00PM ET,CleRB,Damien Williams (7147422),Damien Williams,7147422,3000,Mia@Sea 04:05PM ET,MiaWR,Marcus Johnson (7147530),Marcus Johnson,7147530,3000,Cle@Phi 01:00PM ET,PhiWR,Cayleb Jones (7147531),Cayleb Jones,7147531,3000,Cle@Phi 01:00PM ET,PhiWR,Max McCaffrey (7147580),Max McCaffrey,7147580,3000,Oak@NO 01:00PM ET,OakWR,Herb Waters (7147678),Herb Waters,7147678,3000,GB@Jax 01:00PM ET,GBWR,Quinshad Davis (7147745),Quinshad Davis,7147745,3000,Det@Ind 04:25PM ET,DetWR,Tevaun Smith (7147746),Tevaun Smith,7147746,3000,Det@Ind 04:25PM ET,IndWR,Daniel Anthrop (7147747),Daniel Anthrop,7147747,3000,Det@Ind 04:25PM ET,IndWR,Brandon Shippen (7147702),Brandon Shippen,7147702,3000,Mia@Sea 04:05PM ET,MiaWR,Marquis Bundy (7147771),Marquis Bundy,7147771,3000,NE@Ari 08:30PM ET,AriRB,Abou Toure (7147452),Abou Toure,7147452,3000,Det@Ind 04:25PM ET,IndWR,Dennis Parks (7147532),Dennis Parks,7147532,3000,Cle@Phi 01:00PM ET,CleRB,Jalen Richard (7147351),Jalen Richard,7147351,3000,Oak@NO 01:00PM ET,OakWR,Mekale McKay (7147748),Mekale McKay,7147748,3000,Det@Ind 04:25PM ET,IndRB,Jonathan Williams (7147381),Jonathan Williams,7147381,3000,Buf@Bal 01:00PM ET,BufWR,Ricardo Louis (7147533),Ricardo Louis,7147533,3000,Cle@Phi 01:00PM ET,CleRB,Darius Jackson (7147439),Darius Jackson,7147439,3000,NYG@Dal 04:25PM ET,DalRB,Kenyan Drake (7147423),Kenyan Drake,7147423,3000,Mia@Sea 04:05PM ET,MiaWR,Cody Core (7147556),Cody Core,7147556,3000,Cin@NYJ 01:00PM ET,CinWR,Jaydon Mickens (7147581),Jaydon Mickens,7147581,3000,Oak@NO 01:00PM ET,OakWR,Keenan Reynolds (7147634),Keenan Reynolds,7147634,3000,Buf@Bal 01:00PM ET,BalRB,Brandon Burks (7147408),Brandon Burks,7147408,3000,GB@Jax 01:00PM ET,GBRB,Chris Swain (7147365),Chris Swain,7147365,3000,SD@KC 01:00PM ET,SDRB,Sione Houma (7147352),Sione Houma,7147352,3000,Oak@NO 01:00PM ET,NOWR,DeAndre Reaves (7147604),DeAndre Reaves,7147604,3000,SD@KC 01:00PM ET,SDWR,Alonzo Russell (7147557),Alonzo Russell,7147557,3000,Cin@NYJ 01:00PM ET,CinWR,Chris Brown (7147721),Chris Brown,7147721,3000,NYG@Dal 04:25PM ET,DalWR,Ed Eagan (7147722),Ed Eagan,7147722,3000,NYG@Dal 04:25PM ET,DalWR,Darrin Peterson (7147651),Darrin Peterson,7147651,3000,Chi@Hou 01:00PM ET,ChiWR,Chris King (7147490),Chris King,7147490,3000,TB@Atl 01:00PM ET,AtlWR,Chester Rogers (7147749),Chester Rogers,7147749,3000,Det@Ind 04:25PM ET,IndWR,Chris Hubert (7147772),Chris Hubert,7147772,3000,NE@Ari 08:30PM ET,AriWR,Tajae Sharpe (7147509),Tajae Sharpe,7147509,3000,Min@Ten 01:00PM ET,TenWR,Derek Keaton (7147652),Derek Keaton,7147652,3000,Chi@Hou 01:00PM ET,ChiWR,Andy Jones (7147723),Andy Jones,7147723,3000,NYG@Dal 04:25PM ET,DalRB,John Crockett (7147409),John Crockett,7147409,3000,GB@Jax 01:00PM ET,GBRB,Dwayne Washington (7147453),Dwayne Washington,7147453,3000,Det@Ind 04:25PM ET,DetWR,Demarcus Robinson (7147605),Demarcus Robinson,7147605,3000,SD@KC 01:00PM ET,KCRB,Wendell Smallwood (7147320),Wendell Smallwood,7147320,3000,Cle@Phi 01:00PM ET,PhiWR,Jalin Marshall (7147558),Jalin Marshall,7147558,3000,Cin@NYJ 01:00PM ET,NYJWR,Lucky Whitehead (7147724),Lucky Whitehead,7147724,3000,NYG@Dal 04:25PM ET,DalWR,Adam Thielen (7147510),Adam Thielen,7147510,3000,Min@Ten 01:00PM ET,MinRB,Khiry Robinson (7147337),Khiry Robinson,7147337,3000,Cin@NYJ 01:00PM ET,NYJWR,Rashard Higgins (7147535),Rashard Higgins,7147535,3000,Cle@Phi 01:00PM ET,CleRB,Peyton Barber (7147290),Peyton Barber,7147290,3000,TB@Atl 01:00PM ET,TBWR,Mario Alford (7147560),Mario Alford,7147560,3000,Cin@NYJ 01:00PM ET,CinWR,Johnny Holton (7147583),Johnny Holton,7147583,3000,Oak@NO 01:00PM ET,OakWR,Vince Mayle (7147725),Vince Mayle,7147725,3000,NYG@Dal 04:25PM ET,DalWR,Taylor Gabriel (7147536),Taylor Gabriel,7147536,3000,Cle@Phi 01:00PM ET,CleWR,Jace Billingsley (7147750),Jace Billingsley,7147750,3000,Det@Ind 04:25PM ET,DetWR,Kieran Duncan (7147656),Kieran Duncan,7147656,3000,Chi@Hou 01:00PM ET,ChiWR,Jake Lampman (7147584),Jake Lampman,7147584,3000,Oak@NO 01:00PM ET,NOWR,Corey Washington (7147491),Corey Washington,7147491,3000,TB@Atl 01:00PM ET,AtlWR,Torrence Allen (7147606),Torrence Allen,7147606,3000,SD@KC 01:00PM ET,SDWR,Geronimo Allison (7147680),Geronimo Allison,7147680,3000,GB@Jax 01:00PM ET,GBWR,Roger Lewis (7147726),Roger Lewis,7147726,3000,NYG@Dal 04:25PM ET,NYGWR,Tyreek Hill (7147607),Tyreek Hill,7147607,3000,SD@KC 01:00PM ET,KCWR,Antwane Grant (7147561),Antwane Grant,7147561,3000,Cin@NYJ 01:00PM ET,CinWR,Seantavius Jones (7147608),Seantavius Jones,7147608,3000,SD@KC 01:00PM ET,KCWR,Hunter Sharp (7147537),Hunter Sharp,7147537,3000,Cle@Phi 01:00PM ET,PhiWR,Harvey Binford (7147681),Harvey Binford,7147681,3000,GB@Jax 01:00PM ET,GBWR,Montario Hunter (7147704),Montario Hunter,7147704,3000,Mia@Sea 04:05PM ET,SeaWR,Rasheed Bailey (7147682),Rasheed Bailey,7147682,3000,GB@Jax 01:00PM ET,JaxWR,Joshua Stangby (7147751),Joshua Stangby,7147751,3000,Det@Ind 04:25PM ET,IndWR,Donteea Dye (7147492),Donteea Dye,7147492,3000,TB@Atl 01:00PM ET,TBWR,Ben Roberts (7147512),Ben Roberts,7147512,3000,Min@Ten 01:00PM ET,TenWR,Anthony Dable (7147727),Anthony Dable,7147727,3000,NYG@Dal 04:25PM ET,NYGWR,Moritz Boehringer (7147513),Moritz Boehringer,7147513,3000,Min@Ten 01:00PM ET,MinRB,Cedric O'Neal (7147321),Cedric O'Neal,7147321,3000,Cle@Phi 01:00PM ET,PhiWR,Wendall Williams (7147657),Wendall Williams,7147657,3000,Chi@Hou 01:00PM ET,HouRB,Alstevis Squirewell (7147410),Alstevis Squirewell,7147410,3000,GB@Jax 01:00PM ET,GBRB,C.J. Ham (7147307),C.J. Ham,7147307,3000,Min@Ten 01:00PM ET,MinWR,Rashaun Simonise (7147562),Rashaun Simonise,7147562,3000,Cin@NYJ 01:00PM ET,CinWR,Franky Okafor (7147773),Franky Okafor,7147773,3000,NE@Ari 08:30PM ET,AriDST,Bills  (7148615),Bills ,7148615,2900,Buf@Bal 01:00PM ET,BufDST,Patriots  (7148627),Patriots ,7148627,2900,NE@Ari 08:30PM ET,NETE,Jared Cook (7147878),Jared Cook,7147878,2900,GB@Jax 01:00PM ET,GBTE,Larry Donnell (7147902),Larry Donnell,7147902,2900,NYG@Dal 04:25PM ET,NYGTE,Cameron Brate (7147782),Cameron Brate,7147782,2900,TB@Atl 01:00PM ET,TBDST,Falcons  (7148603),Falcons ,7148603,2800,TB@Atl 01:00PM ET,AtlDST,Packers  (7148619),Packers ,7148619,2800,GB@Jax 01:00PM ET,GBTE,Jacob Tamme (7147774),Jacob Tamme,7147774,2800,TB@Atl 01:00PM ET,AtlTE,Austin Seferian-Jenkins (7147783),Austin Seferian-Jenkins,7147783,2800,TB@Atl 01:00PM ET,TBDST,Colts  (7148626),Colts ,7148626,2700,Det@Ind 04:25PM ET,IndDST,Giants  (7148624),Giants ,7148624,2700,NYG@Dal 04:25PM ET,NYGDST,Ravens  (7148616),Ravens ,7148616,2700,Buf@Bal 01:00PM ET,BalTE,Marcedes Lewis (7147877),Marcedes Lewis,7147877,2700,GB@Jax 01:00PM ET,JaxTE,Brent Celek (7147802),Brent Celek,7147802,2700,Cle@Phi 01:00PM ET,PhiTE,Darren Fells (7147926),Darren Fells,7147926,2700,NE@Ari 08:30PM ET,AriTE,Luke Willson (7147891),Luke Willson,7147891,2700,Mia@Sea 04:05PM ET,SeaTE,Tyler Kroft (7147822),Tyler Kroft,7147822,2700,Cin@NYJ 01:00PM ET,CinTE,Jace Amaro (7147824),Jace Amaro,7147824,2700,Cin@NYJ 01:00PM ET,NYJDST,Titans  (7148605),Titans ,7148605,2600,Min@Ten 01:00PM ET,TenDST,Buccaneers  (7148604),Buccaneers ,7148604,2600,TB@Atl 01:00PM ET,TBTE,Dennis Pitta (7147854),Dennis Pitta,7147854,2600,Buf@Bal 01:00PM ET,BalTE,Mychal Rivera (7147831),Mychal Rivera,7147831,2600,Oak@NO 01:00PM ET,OakTE,Ryan Griffin (7147869),Ryan Griffin,7147869,2600,Chi@Hou 01:00PM ET,HouTE,Gavin Escobar (7147904),Gavin Escobar,7147904,2600,NYG@Dal 04:25PM ET,DalTE,Crockett Gillmore (7147859),Crockett Gillmore,7147859,2600,Buf@Bal 01:00PM ET,BalTE,Maxx Williams (7147863),Maxx Williams,7147863,2600,Buf@Bal 01:00PM ET,BalDST,Bears  (7148618),Bears ,7148618,2500,Chi@Hou 01:00PM ET,ChiDST,Cowboys  (7148623),Cowboys ,7148623,2500,NYG@Dal 04:25PM ET,DalDST,Lions  (7148625),Lions ,7148625,2500,Det@Ind 04:25PM ET,DetDST,Chargers  (7148614),Chargers ,7148614,2500,SD@KC 01:00PM ET,SDTE,Craig Stevens (7147788),Craig Stevens,7147788,2500,Min@Ten 01:00PM ET,TenTE,Clark Harris (7147815),Clark Harris,7147815,2500,Cin@NYJ 01:00PM ET,CinTE,Anthony Fasano (7147789),Anthony Fasano,7147789,2500,Min@Ten 01:00PM ET,TenTE,Brandon Pettigrew (7147913),Brandon Pettigrew,7147913,2500,Det@Ind 04:25PM ET,DetTE,Kellen Davis (7147816),Kellen Davis,7147816,2500,Cin@NYJ 01:00PM ET,NYJTE,Brandon Myers (7147775),Brandon Myers,7147775,2500,TB@Atl 01:00PM ET,TBTE,Bear Pascoe (7147927),Bear Pascoe,7147927,2500,NE@Ari 08:30PM ET,NETE,Tony Moeaki (7147865),Tony Moeaki,7147865,2500,Chi@Hou 01:00PM ET,ChiTE,Clay Harbor (7147928),Clay Harbor,7147928,2500,NE@Ari 08:30PM ET,NETE,Andrew DePaola (7147776),Andrew DePaola,7147776,2500,TB@Atl 01:00PM ET,TBTE,Jim Dray (7147855),Jim Dray,7147855,2500,Buf@Bal 01:00PM ET,BufTE,Rob Housler (7147866),Rob Housler,7147866,2500,Chi@Hou 01:00PM ET,ChiTE,Matthew Mulligan (7147914),Matthew Mulligan,7147914,2500,Det@Ind 04:25PM ET,DetTE,Jermaine Gresham (7147930),Jermaine Gresham,7147930,2500,NE@Ari 08:30PM ET,AriTE,Jeff Cumberland (7147841),Jeff Cumberland,7147841,2500,SD@KC 01:00PM ET,SDTE,Michael Hoomanawanui (7147828),Michael Hoomanawanui,7147828,2500,Oak@NO 01:00PM ET,NOTE,Lee Smith (7147829),Lee Smith,7147829,2500,Oak@NO 01:00PM ET,OakTE,Luke Stocker (7147777),Luke Stocker,7147777,2500,TB@Atl 01:00PM ET,TBTE,Konrad Reuland (7147915),Konrad Reuland,7147915,2500,Det@Ind 04:25PM ET,IndTE,Sean McGrath (7147842),Sean McGrath,7147842,2500,SD@KC 01:00PM ET,SDTE,Rhett Ellison (7147791),Rhett Ellison,7147791,2500,Min@Ten 01:00PM ET,MinTE,Ifeanyi Momah (7147932),Ifeanyi Momah,7147932,2500,NE@Ari 08:30PM ET,AriTE,Emil Igwenagu (7147916),Emil Igwenagu,7147916,2500,Det@Ind 04:25PM ET,IndTE,Patrick Scales (7147867),Patrick Scales,7147867,2500,Chi@Hou 01:00PM ET,ChiTE,Zach Sudfeld (7147817),Zach Sudfeld,7147817,2500,Cin@NYJ 01:00PM ET,NYJTE,James Hanna (7147903),James Hanna,7147903,2500,NYG@Dal 04:25PM ET,DalTE,Chris Pantale (7147804),Chris Pantale,7147804,2500,Cle@Phi 01:00PM ET,PhiTE,Beau Brinkley (7147792),Beau Brinkley,7147792,2500,Min@Ten 01:00PM ET,TenTE,Kevin McDermott (7147793),Kevin McDermott,7147793,2500,Min@Ten 01:00PM ET,MinTE,MarQueis Gray (7147890),MarQueis Gray,7147890,2500,Mia@Sea 04:05PM ET,MiaTE,Greg Scruggs (7147868),Greg Scruggs,7147868,2500,Chi@Hou 01:00PM ET,ChiTE,Chris Gragg (7147857),Chris Gragg,7147857,2500,Buf@Bal 01:00PM ET,BufTE,Josh Hill (7147832),Josh Hill,7147832,2500,Oak@NO 01:00PM ET,NOTE,James Winchester (7147844),James Winchester,7147844,2500,SD@KC 01:00PM ET,KCTE,Jack Doyle (7147918),Jack Doyle,7147918,2500,Det@Ind 04:25PM ET,IndTE,Justin Perillo (7147879),Justin Perillo,7147879,2500,GB@Jax 01:00PM ET,GBTE,Ryan Hewitt (7147818),Ryan Hewitt,7147818,2500,Cin@NYJ 01:00PM ET,CinTE,Levine Toilolo (7147778),Levine Toilolo,7147778,2500,TB@Atl 01:00PM ET,AtlTE,Matt Lengel (7147819),Matt Lengel,7147819,2500,Cin@NYJ 01:00PM ET,CinTE,Gabe Holmes (7147833),Gabe Holmes,7147833,2500,Oak@NO 01:00PM ET,OakTE,D.J. Tialavea (7147779),D.J. Tialavea,7147779,2500,TB@Atl 01:00PM ET,AtlTE,Dion Sims (7147892),Dion Sims,7147892,2500,Mia@Sea 04:05PM ET,MiaTE,Blake Annen (7147858),Blake Annen,7147858,2500,Buf@Bal 01:00PM ET,BufTE,Orson Charles (7147919),Orson Charles,7147919,2500,Det@Ind 04:25PM ET,DetTE,Arthur Lynch (7147780),Arthur Lynch,7147780,2500,TB@Atl 01:00PM ET,AtlTE,Brandon Bostick (7147821),Brandon Bostick,7147821,2500,Cin@NYJ 01:00PM ET,NYJTE,Jerome Cunningham (7147795),Jerome Cunningham,7147795,2500,Min@Ten 01:00PM ET,TenTE,Nic Jacobs (7147880),Nic Jacobs,7147880,2500,GB@Jax 01:00PM ET,JaxTE,Brandon Williams (7147893),Brandon Williams,7147893,2500,Mia@Sea 04:05PM ET,SeaTE,Cooper Helfet (7147894),Cooper Helfet,7147894,2500,Mia@Sea 04:05PM ET,SeaTE,Kivon Cartwright (7147781),Kivon Cartwright,7147781,2500,TB@Atl 01:00PM ET,TBTE,Trey Burton (7147806),Trey Burton,7147806,2500,Cle@Phi 01:00PM ET,PhiTE,Gerald Christian (7147933),Gerald Christian,7147933,2500,NE@Ari 08:30PM ET,AriTE,A.J. Derby (7147934),A.J. Derby,7147934,2500,NE@Ari 08:30PM ET,NETE,Erik Swoope (7147920),Erik Swoope,7147920,2500,Det@Ind 04:25PM ET,IndTE,James O'Shaughnessy (7147845),James O'Shaughnessy,7147845,2500,SD@KC 01:00PM ET,KCTE,Colton Underwood (7147834),Colton Underwood,7147834,2500,Oak@NO 01:00PM ET,OakTE,MyCole Pruitt (7147796),MyCole Pruitt,7147796,2500,Min@Ten 01:00PM ET,MinTE,Tyler Ott (7147905),Tyler Ott,7147905,2500,NYG@Dal 04:25PM ET,NYGTE,C.J. Fiedorowicz (7147870),C.J. Fiedorowicz,7147870,2500,Chi@Hou 01:00PM ET,HouTE,Eric Tomlinson (7147871),Eric Tomlinson,7147871,2500,Chi@Hou 01:00PM ET,HouTE,Randall Telfer (7147807),Randall Telfer,7147807,2500,Cle@Phi 01:00PM ET,CleTE,Asante Cleveland (7147846),Asante Cleveland,7147846,2500,SD@KC 01:00PM ET,SDTE,Brian Parker (7147847),Brian Parker,7147847,2500,SD@KC 01:00PM ET,KCTE,Ronnie Shields (7147895),Ronnie Shields,7147895,2500,Mia@Sea 04:05PM ET,SeaTE,Connor Hamlett (7147808),Connor Hamlett,7147808,2500,Cle@Phi 01:00PM ET,CleTE,Casey Pierce (7147882),Casey Pierce,7147882,2500,GB@Jax 01:00PM ET,GBTE,RaShaun Allen (7147836),RaShaun Allen,7147836,2500,Oak@NO 01:00PM ET,NOTE,Chris Manhertz (7147837),Chris Manhertz,7147837,2500,Oak@NO 01:00PM ET,NOTE,M.J. McFarland (7147809),M.J. McFarland,7147809,2500,Cle@Phi 01:00PM ET,PhiTE,Ben McCord (7147921),Ben McCord,7147921,2500,Det@Ind 04:25PM ET,DetTE,Anthony Denham (7147872),Anthony Denham,7147872,2500,Chi@Hou 01:00PM ET,HouTE,C.J. Uzomah (7147823),C.J. Uzomah,7147823,2500,Cin@NYJ 01:00PM ET,CinTE,Adam Fuehne (7147922),Adam Fuehne,7147922,2500,Det@Ind 04:25PM ET,DetTE,David Reeves (7147810),David Reeves,7147810,2500,Cle@Phi 01:00PM ET,CleTE,Darren Waller (7147860),Darren Waller,7147860,2500,Buf@Bal 01:00PM ET,BalTE,Daniel Dillon (7147935),Daniel Dillon,7147935,2500,NE@Ari 08:30PM ET,AriTE,Ryan Malleck (7147907),Ryan Malleck,7147907,2500,NYG@Dal 04:25PM ET,NYGTE,Ross Travis (7147848),Ross Travis,7147848,2500,SD@KC 01:00PM ET,KCTE,Demetrius Harris (7147849),Demetrius Harris,7147849,2500,SD@KC 01:00PM ET,KCTE,Mitchell Henry (7147883),Mitchell Henry,7147883,2500,GB@Jax 01:00PM ET,GBTE,Nick O'Leary (7147861),Nick O'Leary,7147861,2500,Buf@Bal 01:00PM ET,BufTE,Matt LaCosse (7147908),Matt LaCosse,7147908,2500,NYG@Dal 04:25PM ET,NYGTE,Nick Vannett (7147896),Nick Vannett,7147896,2500,Mia@Sea 04:05PM ET,SeaTE,Austin Traylor (7147909),Austin Traylor,7147909,2500,NYG@Dal 04:25PM ET,DalTE,Tevin Westbrook (7147784),Tevin Westbrook,7147784,2500,TB@Atl 01:00PM ET,TBTE,Alex Ellis (7147797),Alex Ellis,7147797,2500,Min@Ten 01:00PM ET,TenTE,Steven Scheu (7147936),Steven Scheu,7147936,2500,NE@Ari 08:30PM ET,NETE,Matt Weiser (7147850),Matt Weiser,7147850,2500,SD@KC 01:00PM ET,SDTE,Stephen Anderson (7147873),Stephen Anderson,7147873,2500,Chi@Hou 01:00PM ET,HouTE,Joshua Perkins (7147785),Joshua Perkins,7147785,2500,TB@Atl 01:00PM ET,AtlTE,Tim Semisch (7147851),Tim Semisch,7147851,2500,SD@KC 01:00PM ET,SDTE,Darion Griswold (7147924),Darion Griswold,7147924,2500,Det@Ind 04:25PM ET,IndTE,Nick Boyle (7147862),Nick Boyle,7147862,2500,Buf@Bal 01:00PM ET,BalTE,Kyle Carter (7147798),Kyle Carter,7147798,2500,Min@Ten 01:00PM ET,MinTE,Bryce Williams (7147937),Bryce Williams,7147937,2500,NE@Ari 08:30PM ET,NETE,Kennard Backman (7147885),Kennard Backman,7147885,2500,GB@Jax 01:00PM ET,GBTE,Ben Koyack (7147886),Ben Koyack,7147886,2500,GB@Jax 01:00PM ET,JaxTE,Troy Niklas (7147938),Troy Niklas,7147938,2500,NE@Ari 08:30PM ET,AriTE,David Morgan (7147799),David Morgan,7147799,2500,Min@Ten 01:00PM ET,MinTE,Phillip Supernaw (7147800),Phillip Supernaw,7147800,2500,Min@Ten 01:00PM ET,TenTE,Seth DeValve (7147811),Seth DeValve,7147811,2500,Cle@Phi 01:00PM ET,CleTE,Gabe Hughes (7147897),Gabe Hughes,7147897,2500,Mia@Sea 04:05PM ET,MiaTE,Wes Saxton (7147825),Wes Saxton,7147825,2500,Cin@NYJ 01:00PM ET,NYJTE,Dominique Jones (7147898),Dominique Jones,7147898,2500,Mia@Sea 04:05PM ET,MiaTE,Ben Braunecker (7147874),Ben Braunecker,7147874,2500,Chi@Hou 01:00PM ET,ChiTE,Ryan O'Malley (7147838),Ryan O'Malley,7147838,2500,Oak@NO 01:00PM ET,OakTE,Clayton Echard (7147899),Clayton Echard,7147899,2500,Mia@Sea 04:05PM ET,SeaTE,Hakeem Valles (7147939),Hakeem Valles,7147939,2500,NE@Ari 08:30PM ET,AriTE,John DePalma (7147812),John DePalma,7147812,2500,Cle@Phi 01:00PM ET,PhiTE,Danny Vitale (7147786),Danny Vitale,7147786,2500,TB@Atl 01:00PM ET,TBTE,J.P. Holtz (7147813),J.P. Holtz,7147813,2500,Cle@Phi 01:00PM ET,CleTE,Jerell Adams (7147910),Jerell Adams,7147910,2500,NYG@Dal 04:25PM ET,NYGTE,Brian Leonhardt (7147801),Brian Leonhardt,7147801,2500,Min@Ten 01:00PM ET,MinTE,Rico Gathers (7147911),Rico Gathers,7147911,2500,NYG@Dal 04:25PM ET,DalTE,Garrett Griffin (7147839),Garrett Griffin,7147839,2500,Oak@NO 01:00PM ET,NOTE,Cole Wick (7147925),Cole Wick,7147925,2500,Det@Ind 04:25PM ET,DetTE,Geoff Swaim (7147912),Geoff Swaim,7147912,2500,NYG@Dal 04:25PM ET,DalTE,E.J. Bibbs (7147814),E.J. Bibbs,7147814,2500,Cle@Phi 01:00PM ET,CleTE,Austin Hooper (7147787),Austin Hooper,7147787,2500,TB@Atl 01:00PM ET,AtlTE,Hunter Henry (7147852),Hunter Henry,7147852,2500,SD@KC 01:00PM ET,SDTE,Thomas Duarte (7147900),Thomas Duarte,7147900,2500,Mia@Sea 04:05PM ET,MiaTE,Gannon Sinclair (7147875),Gannon Sinclair,7147875,2500,Chi@Hou 01:00PM ET,ChiTE,Jason Vander Laan (7147826),Jason Vander Laan,7147826,2500,Cin@NYJ 01:00PM ET,NYJTE,Braedon Bowman (7147887),Braedon Bowman,7147887,2500,GB@Jax 01:00PM ET,JaxTE,Khari Lee (7147876),Khari Lee,7147876,2500,Chi@Hou 01:00PM ET,ChiTE,John Peters (7147827),John Peters,7147827,2500,Cin@NYJ 01:00PM ET,CinDST,Raiders  (7148611),Raiders ,7148611,2400,Oak@NO 01:00PM ET,OakDST,Jaguars  (7148620),Jaguars ,7148620,2400,GB@Jax 01:00PM ET,JaxDST,Browns  (7148607),Browns ,7148607,2300,Cle@Phi 01:00PM ET,CleDST,Saints  (7148612),Saints ,7148612,2300,Oak@NO 01:00PM ET,NODST,Dolphins  (7148621),Dolphins ,7148621,2200,Mia@Sea 04:05PM ET,Mia